longitude,latitude,housing_median_age,total_rooms,total_bedrooms,population,households,median_income,median_house_value
-114,34.19,15,5612,1283,1015,472,1.4936,66900
-114,34.4,19,7650,1901,1129,463,1.82,80100
-115,33.69,17,720,174,333,117,1.6509,85700
-115,33.64,14,1501,337,515,226,3.1917,73400
-115,33.57,20,1454,326,624,262,1.925,65500
-115,33.63,29,1387,236,671,239,3.3438,74000
-115,33.61,25,2907,680,1841,633,2.6768,82400
-115,34.83,41,812,168,375,158,1.7083,48500
-115,33.61,34,4789,1175,3134,1056,2.1782,58400
-115,34.83,46,1497,309,787,271,2.1908,48100
-115,33.62,16,3741,801,2434,824,2.6797,86500
-115,33.6,21,1988,483,1182,437,1.625,62000
-115,34.84,48,1291,248,580,211,2.1571,48600
-115,34.83,31,2478,464,1346,479,3.212,70400
-115,32.76,15,1448,378,949,300,0.8585,45000
-115,34.89,17,2556,587,1005,401,1.6991,69100
-115,33.6,28,1678,322,666,256,2.9653,94900
-115,32.79,21,44,33,64,27,0.8571,25000
-115,32.74,17,1388,386,775,320,1.2049,44000
-115,33.92,17,97,24,29,15,1.2656,27500
-115,33.49,20,1491,360,1135,303,1.6395,44400
-115,33.43,24,796,243,227,139,0.8964,59200
-115,34.55,20,350,95,119,58,1.625,50000
-115,33.82,15,644,129,137,52,3.2097,71300
-115,33.54,18,1706,397,3424,283,1.625,53500
-115,32.82,34,591,139,327,89,3.6528,100000
-115,32.82,30,1602,322,1130,335,3.5735,71100
-115,32.82,14,1276,270,867,261,1.9375,80900
-115,32.81,32,741,191,623,169,1.7604,68600
-115,32.81,23,1458,294,866,275,2.3594,74300
-115,32.82,38,1892,394,1175,374,1.9939,65800
-115,32.81,35,1263,262,950,241,1.8958,67500
-115,32.76,16,1136,196,481,185,6.2558,146300
-115,32.86,19,1087,171,649,173,3.3182,113800
-115,32.7,19,583,113,531,134,1.6838,95800
-115,32.99,29,1141,220,684,194,3.4038,107800
-115,33.19,33,1234,373,777,298,1,40000
-115,32.8,21,1260,246,805,239,2.6172,88500
-115,32.68,15,3414,666,2097,622,2.3319,91200
-115,32.87,19,541,104,457,106,3.3583,102800
-115,32.69,17,1960,389,1691,356,1.899,64000
-115,32.67,29,1523,440,1302,393,1.1311,84700
-115,32.67,25,2322,573,2185,602,1.375,70100
-116,32.75,13,330,72,822,64,3.4107,142500
-116,32.68,18,3631,913,3565,924,1.5931,88400
-116,32.67,35,2159,492,1694,475,2.1776,75500
-116,33.24,32,1995,523,1069,410,1.6552,43300
-116,33.12,21,1024,218,890,232,2.101,46700
-116,32.99,20,1402,287,1104,317,1.9088,63700
-116,32.68,11,2872,610,2644,581,2.625,72700
-116,34.22,30,540,136,122,63,1.3333,42500
-116,33.13,18,1109,283,1006,253,2.163,53400
-116,33.12,38,1327,262,784,231,1.8793,60800
-116,32.98,32,1615,382,1307,345,1.4583,58600
-116,32.97,24,1617,366,1416,401,1.975,66400
-116,32.97,10,1879,387,1376,337,1.9911,67500
-116,32.77,18,1715,337,1166,333,2.2417,79200
-116,32.73,17,1190,275,1113,258,2.3571,63100
-116,32.67,6,2804,581,2807,594,2.0625,67700
-116,34.91,12,807,199,246,102,2.5391,40000
-116,32.99,25,2578,634,2082,565,1.7159,62200
-116,32.97,35,1583,340,933,318,2.4063,70700
-116,32.97,34,2231,545,1568,510,1.5217,60300
-116,32.73,14,1527,325,1453,332,1.735,61200
-116,32.99,23,1459,373,1148,388,1.5372,69400
-116,32.99,17,1697,268,911,254,4.3523,96000
-116,32.98,27,1513,395,1121,381,1.9464,60600
-116,32.97,41,2429,454,1188,430,3.0091,70800
-116,32.79,23,1712,403,1370,377,1.275,60400
-116,32.98,33,2266,365,952,360,5.4349,143000
-116,32.98,24,2565,530,1447,473,3.2593,80800
-116,32.82,34,1540,316,1013,274,2.5664,67500
-116,32.8,23,666,142,580,160,2.1136,61000
-116,32.79,23,1004,221,697,201,1.6351,59600
-116,32.79,22,565,162,692,141,1.2083,53600
-116,32.78,5,2652,606,1767,536,2.8025,84300
-116,32.96,21,2164,480,1164,421,3.8177,107200
-116,32.8,28,1672,416,1335,397,1.5987,59400
-116,32.8,25,1311,375,1193,351,2.1979,63900
-116,32.8,15,1171,328,1024,298,1.3882,69400
-116,32.79,20,2372,835,2283,767,1.1707,62500
-116,32.79,18,1178,438,1377,429,1.3373,58300
-116,32.78,46,2511,490,1583,469,3.0603,70800
-116,32.78,35,1185,202,615,191,4.6154,86200
-116,32.78,29,1568,283,848,245,3.1597,76200
-116,32.76,15,1278,217,653,185,4.4821,140300
-116,32.85,33,1365,269,825,250,3.2396,62300
-116,32.85,17,1039,256,728,246,1.7411,63500
-116,32.84,29,1207,301,804,288,1.9531,61100
-116,32.83,31,1494,289,959,284,3.5282,67500
-116,32.8,16,2276,594,1184,513,1.875,93800
-116,32.79,34,1152,208,621,208,3.6042,73600
-116,32.78,20,1534,235,871,222,6.2715,97200
-116,32.78,15,1413,279,803,277,4.3021,87500
-116,33.88,21,1161,282,724,186,3.1827,71700
-116,32.81,5,805,143,458,143,4.475,96300
-116,32.81,10,1088,203,533,201,3.6597,87500
-116,32.79,14,1687,507,762,451,1.6635,64400
-116,32.78,5,2494,414,1416,421,5.7843,110100
-116,32.85,20,1608,274,862,248,4.875,90800
-116,32.79,8,2183,307,1000,287,6.3814,159900
-116,32.69,30,935,177,649,148,2.5769,94400
-116,33.2,37,709,187,390,142,2.4511,72500
-116,32.87,3,1629,317,1005,312,4.1293,83200
-116,33.04,20,1121,244,766,230,2.2969,62000
-116,33.04,17,1009,231,745,217,2.0463,61200
-116,32.8,23,1228,235,569,235,3.1667,125000
-116,32.79,18,1564,340,1161,343,2.1792,55200
-116,32.75,16,348,99,123,54,2.0938,87500
-116,33.36,19,749,238,476,169,1.7727,50000
-116,33.35,23,1586,448,338,182,1.2132,30000
-116,33.09,27,452,103,258,61,2.9,87500
-116,32.8,44,472,81,206,57,2.2083,93800
-116,33.26,2,96,18,30,16,5.3374,47500
-116,33.49,20,1660,379,637,250,2.0347,68900
-116,34.2,34,3868,1257,890,423,1.3571,41000
-116,32.93,15,208,49,51,20,4.0208,32500
-116,33.34,19,1210,248,329,155,1.7857,62800
-116,33.36,15,459,95,160,73,0.922,67500
-116,35.55,18,1321,272,754,226,3.4028,67500
-116,33.38,5,186,43,41,21,2.7,58800
-116,33.28,12,99,25,37,17,1.8958,53800
-116,33.3,27,322,81,112,57,1.125,54400
-116,33.32,8,240,46,63,24,1.4688,53800
-116,33.4,15,1945,536,515,273,2.0109,54300
-116,33.19,16,245,57,81,33,1.2639,51300
-116,32.74,26,1134,280,329,158,1.4338,43900
-116,33.51,24,2985,958,4042,905,1.7344,66400
-116,33.41,20,1996,515,659,295,2.8684,62800
-116,34.18,8,569,97,312,96,4.3021,94500
-116,34.12,19,301,65,150,56,3.125,65600
-116,33.33,17,290,94,135,57,1.7292,81300
-116,34.2,29,1202,290,383,156,1.3371,66900
-116,34.15,15,10377,2331,4507,1807,2.2466,66800
-116,33.86,16,381,89,182,75,2.425,76100
-116,34.15,13,9444,1997,4166,1482,2.6111,65600
-116,33.64,20,1273,354,1548,355,2.0871,84700
-116,33.53,17,2421,820,2971,685,1.654,100000
-116,34.22,32,3298,1228,763,360,1.875,47800
-116,34.14,18,3312,705,1251,512,3.0139,82600
-116,33.69,22,197,54,331,70,2.9286,112500
-116,33.64,10,1711,499,1896,443,1.6557,65400
-116,33.68,12,1230,277,1334,260,2.2679,61400
-116,33.67,18,3585,800,3873,788,2.5714,65900
-116,33.66,22,639,203,664,153,1.9306,47500
-116,33.53,13,1713,512,1978,442,2.1287,58600
-116,33.69,17,89,19,79,21,2.375,155000
-116,33.67,25,2888,654,2940,660,2.2141,66700
-116,33.67,16,1859,476,1994,477,1.7297,67500
-116,33.7,26,2399,625,2654,535,2.2989,60600
-116,33.63,23,1152,273,1077,235,2.5,96300
-116,32.64,28,1608,409,567,254,1.4648,61800
-116,33.75,22,894,192,830,202,3.0673,68200
-116,33.72,28,2488,714,2891,676,2.3169,68900
-116,33.71,19,3114,787,3157,772,1.7083,82200
-116,33.68,34,584,176,625,166,1.5809,100000
-116,33.66,19,1596,295,1201,282,3.8846,100900
-116,36,14,1372,386,436,213,1.1471,32900
-116,34.21,23,1175,468,355,151,2.2083,42500
-116,33.74,26,4120,858,2918,815,3.3107,69400
-116,33.73,38,1695,352,1279,305,2.1217,68500
-116,33.72,28,826,258,979,245,1.7172,58800
-116,33.7,9,3861,849,825,401,3.2833,124700
-116,33.73,29,1133,221,918,239,2.8648,72100
-116,33.72,32,4981,1326,3779,1186,1.7805,76900
-116,33.71,17,4874,1349,5032,1243,2.444,90000
-116,33.73,14,2774,566,1530,505,3.0682,104100
-116,33.72,25,5236,1039,2725,935,3.775,93400
-116,33.71,10,9033,2224,5525,1845,2.7598,95000
-116,33.81,24,880,187,507,169,3.4583,67500
-116,33.75,33,278,91,375,81,2.025,50000
-116,33.69,5,1664,444,907,374,2.7667,92900
-116,33.65,3,7437,1222,574,302,10.2948,382400
-116,33.07,17,934,284,452,184,1.9875,83700
-116,34.13,37,452,109,184,59,3.7292,65800
-116,33.74,6,12991,2555,4571,1926,4.7195,199300
-116,33.72,5,3584,760,1097,470,3.1771,167400
-116,33.68,10,2387,481,863,304,2.8882,137500
-116,34.13,20,2352,556,1217,481,1.6063,55400
-116,33.67,15,2214,410,1152,350,2.9187,93400
-116,33.67,11,4686,851,2466,731,3.3333,91800
-116,33.66,7,4497,831,2248,713,3.6354,98000
-116,34.14,18,1880,487,994,425,1.69,54200
-116,34.1,10,4256,861,1403,686,2.6618,81000
-116,33.28,19,1791,367,327,185,3.3625,100000
-116,34.15,13,1808,411,735,320,1.5489,57400
-116,33.75,5,19107,3923,2880,1376,4.036,158500
-116,33.72,11,12327,2000,2450,1139,7.4382,353100
-116,33.36,24,2746,514,731,295,3.3214,176400
-116,34.13,9,1969,406,805,349,1.5491,62300
-116,32.74,16,2595,606,1046,367,1.7137,110700
-116,33.88,11,12557,3098,2453,1232,1.7844,78500
-116,33.72,17,8626,1859,3497,1337,3.312,121300
-116,33.69,7,8806,1542,858,448,7.8005,318100
-116,33.19,12,4890,1152,1289,570,2.5795,98700
-116,34.2,14,4985,1238,2517,954,2.0674,65000
-116,34.1,6,2104,348,841,320,4.1458,116300
-116,33.74,7,17579,3479,3581,1820,4.084,194500
-116,33.73,10,11836,2405,3811,1570,4.0079,134500
-116,33.71,17,12509,2460,2737,1423,4.5556,258100
-116,34.15,15,5583,1149,2709,964,1.9779,73300
-116,33.82,15,11115,2257,4122,1653,2.7219,74400
-116,33.72,19,7646,1618,2496,1075,3.5569,128000
-116,33.69,10,11659,2007,2186,1083,6.9833,238800
-116,34.12,16,5648,1089,2524,1008,2.6739,78000
-116,34.09,9,4855,872,2098,765,3.2723,97800
-116,33.78,8,3059,500,612,208,6.8729,259200
-116,33.74,25,2475,476,910,387,3.3639,168800
-116,33.74,17,4289,893,958,440,2.4659,177800
-116,33.79,12,7095,1260,1179,570,4.9444,285000
-116,33.76,14,16921,2837,2524,1262,7.6281,341700
-116,33.68,15,3895,782,900,529,2.2208,138300
-116,33.51,26,186,48,102,39,2.5625,103100
-116,34.1,17,6683,1296,2677,1227,2.4828,84000
-116,33.81,8,6710,1343,2069,781,3.5223,115100
-116,33.75,24,2596,438,473,237,3.7727,500001
-116,34.16,19,1867,361,758,321,2.8929,98100
-116,34.12,18,5584,1303,2250,1158,1.5823,72400
-116,33.93,17,5293,1266,1201,599,1.6849,88400
-116,33.77,18,4872,1110,955,656,2.2439,97500
-116,33.74,5,846,249,117,67,7.9885,403300
-116,33.8,9,5534,1206,2283,1008,3.6161,99100
-116,33.78,16,5228,992,1177,639,3.0859,134600
-116,32.65,22,2680,643,1644,516,2.1949,127100
-116,33.82,6,4863,920,3010,828,3.9508,104200
-116,33.78,33,2565,745,2301,638,2.5477,83000
-116,34.07,22,5473,1234,2581,1098,1.9375,65300
-116,33.94,18,2233,471,919,388,3.2578,85200
-116,33.84,3,9169,1512,3838,1270,4.3111,142500
-116,33.81,7,10105,2481,6274,2095,2.4497,90900
-116,33.78,27,1781,441,759,340,3.3162,113600
-116,33.94,10,3254,913,923,486,1.8,81000
-116,33.79,14,9425,2020,1711,1000,2.6298,145200
-116,33.61,8,1294,272,457,199,2.9167,115300
-116,33.82,27,3316,636,2362,532,2.9569,65900
-116,33.8,13,8789,1875,1274,688,3.7396,148900
-117,33.98,5,4332,868,1420,567,4.0417,146400
-117,33.95,10,7249,1882,4274,1621,1.6983,66600
-117,33.82,16,343,85,29,14,2.1042,87500
-117,33.81,26,5032,1229,3086,1183,2.5399,94800
-117,33.69,20,4810,1074,1304,740,2.25,248100
-117,34.85,15,3149,713,1281,486,2,64700
-117,34.45,21,8502,2634,2330,991,1.3811,51300
-117,33.96,16,4913,1395,2518,1132,1.4665,61100
-117,33.94,12,3369,780,1315,584,1.7388,66000
-117,33.89,21,1284,306,537,233,1.95,61000
-117,33.97,13,3921,754,1902,665,3.3616,89600
-117,33.85,13,7559,1444,3189,1105,3.4886,112500
-117,33.84,17,4465,859,853,445,3.6875,130400
-117,33.82,21,10227,2315,3623,1734,2.5212,145200
-117,32.9,18,4454,852,1754,656,4.57,189900
-117,33.95,18,2990,648,1280,532,2.625,68200
-117,33.88,5,4423,763,1906,667,4.6855,125200
-117,33.85,16,10077,2186,3048,1337,2.9647,110900
-117,33.84,28,8399,1839,3470,1340,2.5885,159000
-117,33.78,18,2547,463,411,214,2.5489,220500
-117,33.81,31,6814,1714,2628,1341,2.1176,124100
-117,33.81,24,6087,1217,1721,833,3.1493,199400
-117,33.8,22,6050,1387,1432,890,2.2216,183900
-117,33.79,18,9374,1780,1678,919,3.9737,235600
-117,33.84,28,2992,562,676,346,5.7613,500001
-117,34.06,15,6928,1529,2568,1075,2.5405,69600
-117,33.83,36,1765,399,451,264,2.6083,321900
-117,33.05,15,1985,361,536,209,4.125,148200
-117,35.43,8,9975,1743,6835,1439,2.7138,22500
-117,34,20,260,67,69,50,3.5208,76600
-117,33.94,29,551,166,224,107,1.1917,50000
-117,33.84,18,7962,1652,2009,921,3.3897,230200
-117,33.64,10,489,82,183,74,6.2702,345500
-117,32.69,19,4085,876,2133,718,2.919,116500
-117,33.49,16,3730,827,1346,592,2.183,113500
-117,33.06,23,1731,365,612,258,2.7813,172900
-117,33.04,11,2522,538,616,269,3.875,198100
-117,34.23,14,6438,1719,1586,691,1.6136,67400
-117,32.86,18,4115,847,2032,745,4.0159,169100
-117,32.79,13,843,157,918,152,6.2152,240600
-117,32.97,16,349,74,120,43,5.359,193800
-117,33.71,21,3460,711,658,255,3.5882,161100
-117,33.16,26,1820,374,1001,324,2.1797,156300
-117,33.94,12,549,109,209,90,3.0208,66300
-117,34.89,14,4527,875,1640,590,2.8594,81700
-117,33.56,13,3166,682,1250,475,2.355,122900
-117,33.62,11,2385,661,682,242,2.9141,214300
-117,33.33,17,4190,946,1802,673,2.4744,158200
-117,33.83,16,5277,1070,657,276,3.3333,143400
-117,32.85,17,4863,845,2266,769,4.2321,217400
-117,32.82,17,3348,481,1222,443,6.6361,308600
-117,34.29,14,3959,849,1064,376,2.8214,111400
-117,34.14,4,42,10,9,3,0.536,42500
-117,33.46,6,1251,268,544,216,3.0694,173400
-117,32.84,16,3311,702,1627,624,3.1196,187200
-117,32.74,14,4085,751,2129,688,4.7367,214500
-117,33.92,19,2307,525,1266,437,1.6875,63000
-117,33,7,12480,1946,5102,1697,5.5102,221000
-117,33.99,16,319,68,212,67,1.4688,90000
-117,32.84,12,4281,786,1891,721,3.5769,231800
-117,32.61,19,2652,520,1421,491,3.5227,206100
-117,33.8,35,324,63,158,39,3.4167,100000
-117,32.8,11,3874,565,1672,546,6.1481,274600
-117,34.24,11,5799,1527,713,262,2.5147,84700
-117,34.25,15,8948,1985,1316,514,2.7375,90800
-117,32.83,6,3123,495,1513,480,5.4288,167800
-117,33.01,5,5673,855,2592,797,5.4155,199200
-117,32.92,20,1066,219,536,173,3.1607,119300
-117,32.86,16,2502,532,1211,494,3.2516,202100
-117,34.98,26,3606,792,1683,608,2.6587,57400
-117,34.25,5,5806,1030,569,219,4.0132,163100
-117,32.83,17,4234,770,2191,725,3.6445,197600
-117,34.23,13,4760,938,309,132,5.4618,147800
-117,33.97,11,658,131,376,120,2.3977,58000
-117,33.84,18,521,118,174,74,2.7788,91100
-117,33.73,13,2604,443,978,417,2.933,170700
-117,33.05,17,9044,1689,5030,1596,3.6348,164500
-117,33.02,17,401,68,251,69,4.6518,170200
-117,32.87,17,5799,921,2630,843,5.0524,285400
-117,32.8,19,1747,291,848,290,4.875,187200
-117,33.94,35,4448,906,2736,843,2.218,73400
-117,33.93,32,3141,812,2589,721,1.4556,54600
-117,33.76,5,4116,761,1714,717,2.5612,130800
-117,33.57,12,1153,265,446,195,3.038,128100
-117,32.75,15,2053,321,993,309,5.5164,248900
-117,32.72,13,3268,491,1431,503,5.7652,259900
-117,34.25,11,1089,198,230,90,4.9643,176000
-117,34.24,13,4137,796,573,218,4.6394,226500
-117,34.19,38,898,259,106,52,1.6875,225000
-117,34.08,52,3419,777,710,265,3.9028,128600
-117,33.93,37,1495,429,865,342,1.2188,55000
-117,33.74,20,3111,623,1000,508,1.5982,140000
-117,33.05,11,7217,1583,4197,1502,2.8827,166700
-117,33.02,16,3204,541,1818,529,5.2596,171500
-117,32.86,9,3049,471,1527,515,5.0733,196600
-117,33.93,29,4549,916,2494,912,2.0976,72600
-117,33.92,10,2653,621,1967,598,2.6643,81000
-117,33.86,2,6900,1238,1950,980,3.0417,146300
-117,33.75,23,2719,538,930,485,2.0154,81700
-117,33.48,14,1016,219,443,169,2.8071,137500
-117,32.99,14,2816,501,1448,452,5.0278,210900
-117,32.85,16,1743,333,652,322,2.8906,158300
-117,32.85,15,3560,593,1757,574,5.1185,185300
-117,32.67,9,2652,393,1355,362,6.2578,293100
-117,34.69,10,337,102,108,50,0.4999,55000
-117,34.52,20,3481,840,1694,587,1.4,77700
-117,34.25,16,3018,523,556,244,3.5288,189700
-117,33.98,30,3915,672,1820,643,3.6339,98600
-117,33.93,34,3183,738,1820,647,2.2321,71800
-117,33.74,14,2281,426,894,430,2.3712,127900
-117,33.65,15,652,149,248,97,2.1071,93800
-117,33.22,11,4132,773,2012,703,3.1906,234500
-117,33.03,11,3213,634,1975,579,3.475,167200
-117,32.9,19,3090,552,1621,520,4.0806,189200
-117,32.84,18,4215,810,2104,773,4.0873,146900
-117,32.84,18,3612,737,1864,713,2.7069,153800
-117,32.79,21,3770,491,1410,446,6.7685,294700
-117,32.77,8,3600,492,1421,482,6.2609,307100
-117,34,18,553,100,215,82,5.5,193800
-117,33.75,13,10886,2127,4266,1955,2.3169,123400
-117,33.71,19,6807,1164,2703,1055,3.1591,189700
-117,32.87,14,3048,597,1690,576,4.3818,147100
-117,32.86,15,3153,628,1633,527,3.6898,131000
-117,32.86,10,3699,838,2310,759,2.5365,139500
-117,32.85,21,4152,703,2255,697,4.5096,159500
-117,32.83,16,5203,898,2515,862,4.105,174400
-117,32.82,14,1978,424,1085,387,3.8073,170100
-117,32.81,22,4331,637,1952,654,5.4834,232000
-117,32.8,32,1943,287,1081,292,5.6846,208800
-117,32.78,15,4058,511,1580,473,7.5,316400
-117,32.73,8,4630,624,2048,575,6.4745,300300
-117,33.63,18,397,89,239,80,2.8125,143800
-117,32.85,23,1378,269,767,266,4.0625,145000
-117,32.84,16,4675,834,2188,817,4.6674,178000
-117,32.82,34,1765,284,772,282,5.0118,165300
-117,32.82,17,2492,494,1278,439,2.8875,155700
-117,32.82,16,2784,468,1458,465,4.0048,184600
-117,32.8,33,1518,268,857,272,3.5586,160400
-117,32.78,21,4192,752,2101,710,4.4306,159100
-117,32.76,9,1859,307,947,304,5.9202,181300
-117,33.93,13,7804,1594,3297,1469,2.0549,95600
-117,33.75,14,6027,1148,3136,1036,2.964,121500
-117,33.74,15,3757,666,1693,654,3.6806,112800
-117,33.06,16,3490,545,1628,535,4.8836,239900
-117,32.87,17,3722,670,1561,604,3.6027,211900
-117,32.85,5,4116,990,2770,905,3.1142,150000
-117,32.85,15,3273,895,1872,842,2.5388,119000
-117,32.83,21,1283,278,684,289,2.3203,163500
-117,32.82,26,4129,714,1820,718,4.2586,171000
-117,32.81,18,2447,466,1573,472,2.6429,125400
-117,32.79,23,5759,1258,3108,1202,3.0927,140600
-117,32.79,19,3354,699,1948,682,3.0192,142300
-117,34.4,20,6541,1401,2631,980,2.1339,78500
-117,34.24,27,12342,2630,1300,566,1.998,153500
-117,33.77,14,7240,1410,2708,1240,2.4145,137600
-117,33.74,19,2901,445,1414,475,4.6406,118900
-117,33.73,17,5160,851,2344,781,3.7175,120000
-117,32.89,24,2541,381,1078,372,5.2542,227800
-117,32.87,24,2824,441,1480,471,5.2614,177200
-117,32.84,32,1607,253,778,262,4.5278,166300
-117,32.83,38,1701,317,872,304,3.7831,147800
-117,32.82,35,1737,285,826,294,3.2411,159200
-117,32.8,28,3042,729,1964,703,2.4141,137500
-117,32.8,21,7906,2292,4868,2117,1.8937,109800
-117,32.78,17,13559,2656,6990,2533,3.434,193200
-117,32.75,4,14934,2479,6945,2418,5.1221,229700
-117,33.97,14,5320,974,1947,843,3.1393,116300
-117,33.79,8,10997,2205,5060,1949,2.1979,95300
-117,33.78,24,3409,804,1939,739,1.7303,74000
-117,33.76,10,6890,1702,3141,1451,1.7079,95900
-117,33.75,23,4676,1096,2770,1057,1.7847,109500
-117,33.75,19,2238,573,1190,507,2.0714,85800
-117,33.74,20,2233,431,1024,399,2.4554,89400
-117,33.74,18,1996,405,1270,400,2.7083,91200
-117,33.73,21,4587,810,2233,765,3.2371,94500
-117,33.68,11,1183,178,543,147,4.4792,173900
-117,33.31,16,2921,639,1838,540,2.2393,117000
-117,32.96,18,2087,353,992,329,4.5,222600
-117,32.84,31,1307,245,752,231,3.4286,129400
-117,32.83,14,12517,2506,6389,2333,3.3081,168700
-117,32.82,18,3038,592,1904,595,3.8024,144900
-117,32.82,12,5535,1434,3112,1262,2.5949,108300
-117,32.81,31,1277,293,698,237,3.1106,147700
-117,32.81,15,2619,599,1513,537,2.543,100000
-117,32.79,19,11391,3093,7178,2905,2.0326,123200
-117,32.78,33,2432,443,1147,427,3.3906,138100
-117,32.78,20,3425,448,1489,443,6.2552,296400
-117,32.77,25,3308,421,1201,414,6.3191,303400
-117,32.76,13,5543,857,2074,737,4.9528,266200
-117,32.73,17,1635,272,960,279,5.2671,157100
-117,34.94,20,2355,467,1198,428,3.9934,88500
-117,34.83,30,1211,289,611,230,1.6667,44700
-117,33.94,22,1999,497,1304,479,1.4063,81900
-117,33.79,21,2990,691,2108,660,2.0135,83000
-117,33.75,35,3269,757,2328,705,2.5898,76300
-117,33.74,19,3649,755,1717,696,2.2115,87600
-117,33.73,20,4735,973,2306,904,3.069,87000
-117,32.9,16,3047,495,1507,499,5.3008,186500
-117,32.87,17,4713,740,2531,723,4.8286,158500
-117,32.86,14,3064,496,1681,503,4.4347,160300
-117,32.85,11,9724,1796,5247,1777,4.1716,166100
-117,32.81,8,2378,638,1410,623,2.9097,152500
-117,32.8,25,3421,803,1681,742,3.369,134400
-117,32.8,19,4574,1152,3045,1057,2.065,124100
-117,32.8,16,3920,1094,2612,1023,1.3291,120800
-117,32.79,35,1081,266,691,259,2.6324,133700
-117,32.79,19,3008,693,2341,689,2.6087,123800
-117,32.79,17,5236,1325,3308,1233,2.3221,138800
-117,32.78,26,2807,630,1785,580,2.1638,132800
-117,33.96,12,5876,1222,2992,1151,2.4322,112100
-117,33.94,29,3197,632,1722,603,3.0432,91200
-117,33.93,29,2793,722,1583,626,1.424,73200
-117,33.78,24,2680,606,1728,527,2.535,74800
-117,33.74,31,2712,628,1519,629,1.942,86200
-117,33.74,20,3674,792,1498,758,2.2161,76900
-117,33.13,10,5149,851,2177,783,6.7957,287500
-117,32.83,23,149,32,101,34,2.6458,112500
-117,32.8,15,3927,1018,2204,977,2.4367,111400
-117,32.79,32,1255,338,782,302,2.6635,113600
-117,32.79,19,4108,1101,2971,1006,1.9893,112500
-117,32.78,37,1255,238,671,278,3.7019,138600
-117,32.78,35,1113,236,681,246,2.9784,136400
-117,32.78,26,8902,1413,3941,1387,4.7943,226900
-117,32.76,33,3071,466,1348,513,6.1768,228900
-117,32.76,26,2460,313,838,299,5.9878,270700
-117,32.75,28,3519,583,1720,590,4.7973,186900
-117,32.74,14,7410,1344,3597,1274,4.2192,176100
-117,32.65,4,16450,2833,7985,2683,5.6631,233400
-117,32.56,23,1262,294,5176,275,2.5625,153300
-117,34.13,16,2098,449,342,143,4.0333,133900
-117,34.07,21,739,125,199,82,4.8958,117500
-117,34.05,6,2290,312,957,274,7.2708,316700
-117,33.94,27,3459,640,1760,654,3.4545,89800
-117,33.93,40,2277,498,1391,453,1.9472,73200
-117,33.93,33,376,83,267,88,2.1581,68300
-117,33.83,15,2228,472,653,350,2.683,139300
-117,33.77,12,5829,1309,2711,1118,1.9707,107900
-117,33.74,25,4952,1062,1589,1024,1.8446,85700
-117,32.88,12,7320,1279,4048,1249,4.3952,151700
-117,32.86,19,2121,341,1236,353,4.7717,153200
-117,32.86,16,7718,1423,4383,1394,4.0693,146400
-117,32.85,12,3570,713,3321,666,4.0882,134500
-117,32.8,28,5721,1029,2672,1054,3.963,164400
-117,32.79,32,3756,662,1611,598,3.8667,189700
-117,32.77,29,3558,447,1097,445,8.093,379600
-117,32.75,25,4137,662,1905,630,4.375,214000
-117,32.75,18,1519,369,802,347,2.9886,170800
-117,32.74,24,977,147,454,169,4.9286,173700
-117,32.74,16,3361,537,1754,578,5.1098,162300
-117,32.73,16,952,143,530,143,5.0864,175300
-117,32.72,4,1078,158,571,184,4.6667,223300
-117,32.71,18,2355,444,1277,433,3.4551,121400
-117,34.89,24,2741,577,1551,522,3.474,70500
-117,34.88,23,6060,1165,2920,1072,3.1528,69000
-117,34.3,29,5055,1036,410,191,3.5104,157100
-117,33.99,22,4227,658,1849,619,4.7356,195900
-117,33.92,26,503,69,293,59,3.7083,147500
-117,33.77,7,10352,2007,3559,1689,2.2925,113100
-117,33.76,12,7626,1704,2823,1554,2.1722,69400
-117,33.75,18,9601,2401,4002,2106,1.4366,77000
-117,33.73,13,16148,3474,6159,3232,1.9961,97800
-117,33.46,13,1614,410,846,270,2.83,43000
-117,32.96,17,5509,866,2748,817,4.8854,181300
-117,32.85,32,5211,949,3025,948,4.0931,134200
-117,32.83,20,6696,1326,3687,1291,3.1979,154600
-117,32.81,25,4436,758,1997,738,4.2386,201000
-117,32.81,18,10968,1521,4439,1501,6.2787,250000
-117,32.8,34,3657,538,1513,562,5.2907,195800
-117,32.79,33,2420,393,1003,397,4.0658,165100
-117,32.79,26,3623,703,1609,669,3.744,165800
-117,32.78,29,1114,163,385,154,5.4333,222800
-117,32.77,35,2306,334,828,310,6.1103,301600
-117,32.74,18,3341,611,1952,602,3.9844,215300
-117,32.74,17,3101,547,1410,486,3.1771,189900
-117,32.73,30,1856,339,1103,379,4.0357,153800
-117,32.72,15,825,130,334,131,4.0391,169500
-117,32.72,14,1771,301,1046,284,4.775,143300
-117,32.72,13,1330,216,719,215,3.8295,149600
-117,32.72,11,1112,164,441,174,4.7679,169500
-117,32.71,21,3049,582,2355,585,3.8904,113800
-117,32.7,15,3660,622,2629,612,4.0444,150100
-117,32.64,15,4331,699,2046,627,3.9519,193500
-117,34.89,29,2637,512,1188,446,2.99,69400
-117,34.87,16,6862,1292,3562,1126,3.6091,87200
-117,33.74,8,5330,1529,2143,1107,2.1103,94400
-117,33.29,17,2073,313,573,221,8.2531,419200
-117,32.87,18,11544,1979,6296,1923,4.4904,150400
-117,32.85,24,1888,319,950,319,5.282,140800
-117,32.8,33,1816,325,768,316,4.5662,150300
-117,32.77,35,2114,317,881,320,5.5,241400
-117,32.77,30,1802,401,776,386,2.8125,173500
-117,32.76,31,2545,373,956,342,4.3977,226800
-117,32.76,31,1989,280,805,301,6.5645,189100
-117,32.74,17,2357,599,1423,510,1.8856,118800
-117,32.72,10,3817,943,2352,875,2.1362,143200
-117,32.71,22,2263,441,1395,416,3.725,123500
-117,32.7,23,2785,468,1456,449,4.3714,131000
-117,32.67,16,2238,307,1002,303,6.6143,264100
-117,32.64,11,3098,490,1391,484,4.9792,170400
-117,34.9,36,2181,555,1404,492,2.3077,55500
-117,34.9,34,2194,519,1326,515,2.1056,72000
-117,34.89,26,2599,498,1332,443,2.7198,70400
-117,34.01,15,5592,891,2419,840,4.7193,135200
-117,33.97,18,4775,886,1868,836,2.3355,118800
-117,33.04,13,4595,567,1643,544,7.7684,362300
-117,32.99,8,3372,430,1536,448,8.4284,378300
-117,32.85,23,2592,414,1401,431,5.4903,151400
-117,32.84,23,1951,395,901,378,3.1023,143300
-117,32.83,17,15401,3280,7302,3176,3.3067,121900
-117,32.81,26,4499,645,1866,626,5.516,185100
-117,32.81,21,4203,618,1620,600,5.3441,193500
-117,32.8,20,2705,545,1198,497,3.7159,168900
-117,32.8,17,1558,479,803,431,2.6934,160200
-117,32.8,17,1042,210,650,215,3.1,84200
-117,32.79,33,4015,663,1864,664,4.3152,159300
-117,32.79,31,3776,815,1886,799,3.4421,155300
-117,32.78,20,2616,597,1532,579,2.9896,235600
-117,32.77,43,841,192,496,207,3.0179,149300
-117,32.77,34,3330,723,1592,656,2.6678,164200
-117,32.76,34,3415,608,1464,593,4.0549,223700
-117,32.76,22,3626,824,1800,769,2.8594,189600
-117,32.75,34,2105,340,973,357,4.3088,152500
-117,32.75,26,4038,706,2065,687,3.9545,178100
-117,32.74,31,3473,722,2098,677,2.6973,135200
-117,32.73,22,2526,530,1556,529,2.8646,120800
-117,32.72,12,2914,734,2104,703,2.3068,132300
-117,32.71,20,3506,692,1977,668,2.981,129100
-117,32.7,7,2327,490,1304,445,3.3553,132200
-117,32.7,25,2321,398,1434,386,3.5341,120800
-117,32.67,17,2319,348,1125,337,5.551,266900
-117,32.66,11,9992,1368,4495,1316,6.9664,293900
-117,32.63,7,6483,976,3269,1005,5.7358,221600
-117,36.4,19,619,239,490,164,2.1,14999
-117,34.9,37,1199,351,782,296,1.6515,61600
-117,34.89,29,3111,661,1530,608,2.8281,69300
-117,34.03,19,4415,648,1627,619,4.2361,191600
-117,33.95,5,1822,367,798,313,2.8783,105200
-117,33.81,10,6317,1335,2625,1094,2.3,108900
-117,33.76,20,1317,203,453,158,2.8393,120700
-117,33.73,14,3700,750,1171,695,1.9476,112500
-117,33.71,6,8278,1579,3062,1446,3.0043,134700
-117,33.6,7,1972,352,964,317,3.244,337200
-117,32.95,25,1909,334,1043,322,3.7784,160100
-117,32.84,17,4013,673,2263,661,5.131,148300
-117,32.81,27,1950,317,950,320,4.0656,164000
-117,32.81,26,1998,301,874,305,5.4544,180900
-117,32.81,14,3173,599,1451,585,3.7292,182200
-117,32.8,29,1232,243,665,247,3.65,168900
-117,32.8,27,2369,370,927,374,4.1162,177200
-117,32.79,36,2211,384,868,329,4.0491,147900
-117,32.78,33,3481,708,1726,719,3.3675,158200
-117,32.78,31,2567,507,1198,499,3.4659,163000
-117,32.76,40,2523,488,976,470,3.11,185700
-117,32.76,15,1204,326,543,326,1.0278,154200
-117,32.75,33,3296,537,1345,556,5.2835,217100
-117,32.74,30,4205,772,2012,734,3.5,144700
-117,32.74,12,3301,963,2000,879,1.8594,119200
-117,32.73,22,5201,865,3280,817,4.7952,141400
-117,32.72,36,2030,369,1142,357,3.7763,126900
-117,32.71,30,3187,592,2082,631,3.5388,118500
-117,32.7,22,2756,516,1849,486,4.1837,125400
-117,32.68,14,3986,675,2065,702,5.7192,267400
-117,32.67,20,1505,184,635,182,6.5772,245200
-117,32.66,19,771,103,376,108,6.6272,273600
-117,32.64,5,260,41,157,42,6.5151,281700
-117,32.59,19,1902,335,1102,313,3.0365,98100
-117,34.91,27,2718,583,1472,509,2.825,76600
-117,34.87,7,2245,407,1016,364,3.9464,101500
-117,34.07,16,3784,577,1615,525,4.2333,220300
-117,34.03,26,3501,664,1860,681,3.0403,113500
-117,33.89,6,78,11,27,10,3.125,187500
-117,33.32,14,1088,209,601,193,3.8438,243800
-117,33.18,17,5391,886,2732,830,5.1771,212800
-117,33.12,25,3142,446,1286,419,5.4663,248300
-117,32.96,16,3424,698,1940,645,4.121,182100
-117,32.82,16,1765,289,743,280,4.9744,209700
-117,32.8,19,3866,775,1554,703,4.3281,220000
-117,32.79,31,2366,383,1077,387,4.2992,174400
-117,32.79,26,3859,513,1469,538,5.8683,220500
-117,32.78,17,5481,1618,2957,1537,2.5707,171300
-117,32.77,34,1796,428,918,424,2.875,161200
-117,32.77,19,4819,1492,2572,1336,2.3393,118200
-117,32.75,24,7879,1655,3898,1534,3.0897,187300
-117,32.74,37,821,150,404,135,3.0125,130400
-117,32.74,35,1878,454,991,409,2.4345,129700
-117,32.73,38,3174,606,1557,619,3.5861,123600
-117,32.73,34,2061,391,1169,400,3.5096,142000
-117,32.73,32,1750,333,997,335,3.4784,154400
-117,32.72,38,886,176,505,188,3.5938,125400
-117,32.72,37,2192,455,1515,446,3.0588,120600
-117,32.71,34,2328,444,1684,429,3.25,99600
-117,32.71,33,3126,627,2300,623,3.2596,103000
-117,32.7,19,2304,572,2010,556,2.2866,109900
-117,32.69,8,2460,397,1784,390,4.5662,175500
-117,32.69,5,3201,532,2061,536,5.0829,179400
-117,32.69,10,901,163,698,167,4.6648,156100
-117,32.67,15,5094,818,2118,758,5.3505,266600
-117,32.65,14,1111,142,472,145,7.6344,290500
-117,32.63,14,2796,476,1466,464,5.2489,213700
-117,32.63,13,2087,313,1165,330,5.7789,227700
-117,32.61,22,1028,148,523,152,6.0086,166900
-117,34.89,37,1884,366,1052,353,3.175,66800
-117,34.04,30,3474,735,1674,691,2.5863,98300
-117,34.03,29,3375,795,1760,699,2.7028,92000
-117,34.02,24,4663,1213,1851,1116,1.4418,103500
-117,34,25,3750,781,1594,785,2.4167,104900
-117,34,21,4624,852,2174,812,3.5255,132100
-117,33.15,15,13814,2888,6583,2789,2.8247,150000
-117,33.09,16,4677,581,1902,566,6.1834,335600
-117,33.03,16,2852,435,1083,448,6.3761,296200
-117,33.01,28,922,107,314,97,8.4721,342300
-117,32.99,6,9518,1418,4413,1275,6.6012,314900
-117,32.98,16,1332,196,640,193,6.0226,192900
-117,32.97,13,6711,1256,3683,1220,4.5746,175700
-117,32.9,6,6525,826,3146,806,9.2858,436100
-117,32.83,8,2205,348,777,341,6.0266,177400
-117,32.81,12,2880,406,1381,418,6.5412,254200
-117,32.8,25,2504,345,1067,350,5.7416,243400
-117,32.8,11,1802,440,630,428,2.0337,146700
-117,32.79,23,2491,350,863,348,6.7196,306800
-117,32.77,21,1824,447,962,431,2.7826,143800
-117,32.77,16,7963,1881,3769,1804,2.9624,144700
-117,32.76,43,3171,665,1534,625,3.141,141400
-117,32.76,37,2979,557,1285,564,3.7368,152200
-117,32.75,36,2297,418,1070,392,3.5192,144000
-117,32.74,5,2878,785,1727,758,1.7179,132000
-117,32.74,33,3880,770,2288,805,3.6848,140700
-117,32.72,24,5474,955,3020,904,4.0813,137000
-117,32.71,28,5274,991,3727,961,3.57,109800
-117,32.69,9,3417,860,2521,828,3.02,158900
-117,32.68,13,2132,425,1345,432,4,89300
-117,32.68,11,1875,357,1014,386,4.375,115000
-117,32.67,14,3464,683,2139,734,4.0668,137500
-117,32.66,22,3362,630,1471,612,4.1442,303900
-117,32.65,8,8806,1401,3159,1059,4.2155,247800
-117,32.64,5,2329,542,1213,514,4.0298,225600
-117,32.63,26,2756,422,1166,398,5.1354,181600
-117,32.63,26,2074,356,1228,335,4.1154,160200
-117,32.62,27,1710,282,1089,297,4.6793,151900
-117,32.6,20,8052,1461,5094,1430,4.2241,139800
-117,32.6,18,4747,846,3002,872,3.9076,152900
-117,32.58,20,2029,357,1497,353,4.0089,132100
-117,32.58,14,2355,406,1883,401,5.0311,152100
-117,32.55,15,2206,648,2511,648,1.6348,93200
-117,32.54,7,938,297,1187,282,1.2667,67500
-117,34.89,36,1199,260,665,229,3.7065,62000
-117,34.04,23,3967,766,1518,698,2.29,111800
-117,34.03,28,3009,698,1200,626,1.3993,104600
-117,34.02,21,3098,646,1351,614,2.598,106700
-117,34.01,27,5484,1205,2645,1131,2.1927,116700
-117,33.52,5,3471,530,1541,502,4.8083,347700
-117,33.29,17,1800,312,891,281,7.0177,267600
-117,33.26,14,3103,569,1704,539,3.7644,264700
-117,33.14,16,4552,1166,2737,1051,2.25,136300
-117,33.13,22,2427,390,1099,362,5.2323,167500
-117,33.13,20,7746,2035,5370,1838,2.3762,98500
-117,33.13,17,2385,372,1118,369,4.2813,169900
-117,33.11,18,4393,642,2095,677,5.4786,223500
-117,33.05,6,7916,1293,2741,1204,5.6436,278600
-117,33.04,12,1840,254,580,234,6.7769,400000
-117,33.02,18,917,121,388,131,6.3517,260100
-117,33.01,19,3558,588,1439,578,4.625,211100
-117,33.01,17,3430,425,1468,433,10.6186,429300
-117,32.97,17,9911,1436,4763,1414,5.5882,194300
-117,32.96,18,3593,661,1992,626,4.8295,165800
-117,32.95,17,4814,1091,3013,1078,3.2369,167800
-117,32.95,17,3039,555,1297,552,3.9531,178600
-117,32.82,16,4046,731,1684,701,4.2312,197000
-117,32.81,17,1885,292,771,301,5.6402,228600
-117,32.8,25,1905,250,865,253,6.4797,249000
-117,32.8,23,3309,401,1116,386,7.916,330600
-117,32.8,17,1475,308,549,293,3.7167,180400
-117,32.8,16,1561,378,574,350,3.0035,94600
-117,32.78,37,1184,178,529,192,4.7941,161700
-117,32.77,33,3535,683,1568,672,2.8097,158300
-117,32.77,23,2556,662,1200,548,1.8899,147700
-117,32.76,46,1887,359,795,358,3.25,159600
-117,32.75,43,1718,344,826,336,2.7014,133700
-117,32.75,36,2024,408,1030,390,3.8233,139800
-117,32.75,35,2144,388,1003,383,3.0938,137300
-117,32.75,29,2767,612,1437,587,2.8306,142900
-117,32.74,34,2178,455,1193,446,3.1719,115300
-117,32.73,27,3184,588,1763,571,3.5529,133900
-117,32.72,35,3669,617,1694,585,3.9485,133900
-117,32.72,35,1777,369,1158,353,3.4107,117000
-117,32.69,8,831,158,740,154,5.3908,165500
-117,32.69,21,991,210,695,203,3.625,144300
-117,32.69,14,1689,555,1319,527,3.16,143800
-117,32.68,35,3414,580,1761,522,3.9922,129800
-117,32.68,19,1469,275,1010,292,3.5664,150400
-117,32.68,15,1828,359,955,248,3.2174,165100
-117,32.67,32,4227,785,2842,795,3.9646,137800
-117,32.67,16,2168,343,1589,338,5.4863,153800
-117,32.63,31,4911,861,2334,843,4.1958,160100
-117,32.62,34,3928,686,2315,681,4.2851,144500
-117,32.61,26,1563,286,1145,313,3.8615,139300
-117,32.61,21,6034,1205,3795,1146,3.2633,129700
-117,32.59,26,1919,345,1326,341,4.2679,131900
-117,32.59,16,4683,929,3073,865,3.0495,98300
-117,32.58,25,2185,370,1558,369,5.3072,132700
-117,32.58,22,2101,399,1551,371,4.1518,136900
-117,32.56,22,2172,563,2049,524,2.0159,139300
-117,32.56,18,1215,320,1195,349,1.9875,114900
-117,32.56,17,985,233,811,223,2.875,134500
-117,34.9,36,2828,916,1762,736,1.4318,59600
-117,34.17,21,2520,582,416,151,2.712,89000
-117,34.03,27,1945,446,859,418,1.5203,126200
-117,34.02,24,3912,809,1926,762,2.6875,116300
-117,34,33,1575,326,879,282,2.5357,94400
-117,33.78,17,2813,565,1345,488,2.5847,145300
-117,33.17,4,5465,974,2844,950,4.4477,174800
-117,33.15,24,2155,379,1158,360,4.7941,147500
-117,33.13,12,8742,2114,4854,1957,2.8015,143500
-117,33.09,11,7483,1276,3516,1261,4.0484,262500
-117,33.04,17,1785,255,667,277,5.7382,278000
-117,33.03,23,2023,309,678,340,7.0913,265400
-117,33.02,24,830,190,279,196,1.9176,121100
-117,33.02,17,2635,389,994,359,5.8966,261500
-117,33.01,9,2470,417,904,427,4.4219,209200
-117,32.99,16,1306,196,713,222,6.2683,180700
-117,32.97,17,4754,877,2412,832,4.3548,192300
-117,32.81,17,3939,550,1694,553,6.7927,234700
-117,32.8,17,2247,340,973,318,5.5,222000
-117,32.79,21,3787,492,1246,457,9.6023,391300
-117,32.79,17,2524,332,771,317,8.7604,331800
-117,32.77,34,1730,373,730,350,2.0284,161800
-117,32.77,18,2269,682,1329,581,1.7951,161800
-117,32.76,38,1549,288,636,278,3.2188,150500
-117,32.76,24,1629,587,1012,488,1.7452,156800
-117,32.75,34,2516,611,1317,594,2.2308,125900
-117,32.75,34,1917,419,1181,426,3.0208,129200
-117,32.73,33,3444,619,1884,582,3.7891,126700
-117,32.72,31,2669,514,1626,499,3.1923,116900
-117,32.71,21,1864,388,1498,389,3.8194,125700
-117,32.71,11,2397,523,1566,514,3.8687,145200
-117,32.69,9,521,111,491,110,5.1305,158900
-117,32.69,9,1520,269,1250,265,4.8875,157700
-117,32.69,13,705,149,718,155,4.4375,154900
-117,32.68,41,2665,515,1664,512,2.375,113500
-117,32.68,38,1481,317,1080,291,2.85,125800
-117,32.68,36,3815,796,2945,728,2.0959,125000
-117,32.67,29,4047,754,2353,730,4.0505,125000
-117,32.66,33,3425,511,1528,479,5.6889,234600
-117,32.64,30,4494,667,1883,680,5.766,186100
-117,32.63,37,1326,234,612,240,4.125,160200
-117,32.63,29,4168,742,2096,713,4.2204,169800
-117,32.62,36,786,125,408,138,3.9167,189700
-117,32.61,34,4325,1015,2609,979,2.8489,128300
-117,32.6,33,905,205,989,222,2.7014,108200
-117,32.6,25,1075,238,434,234,1.7472,94600
-117,32.6,24,1088,268,1095,246,2.4191,107300
-117,32.58,17,2724,567,2213,554,3.8529,147700
-117,32.58,13,3435,708,1761,699,3.4792,107600
-117,32.58,11,2879,679,2098,673,3.5125,142400
-117,32.57,25,1268,282,991,299,3.0284,123600
-117,32.57,18,1384,311,1429,287,1.3362,95000
-117,32.57,17,2252,378,1776,365,4.6364,141100
-117,32.57,16,1269,282,1609,298,2.6985,156500
-117,32.56,5,2706,925,3148,855,1.7301,125000
-117,32.56,17,2803,683,2768,676,1.7958,140400
-117,32.55,5,3223,940,3284,854,1.4384,108800
-117,34.24,21,4773,1047,337,130,3.9375,115000
-117,33.72,16,4928,960,2132,853,2.7983,112500
-117,33.15,17,1893,297,936,287,5.1842,157700
-117,33.15,15,2994,522,1231,503,3.2024,180400
-117,33.14,16,2546,429,1683,408,4.7426,160600
-117,33.13,33,555,165,612,176,2.1786,137500
-117,33.13,17,6817,1632,4526,1474,2.6152,135300
-117,33.12,32,2474,499,1224,461,2.7216,146300
-117,33.12,21,4578,927,2818,900,3.1458,187700
-117,33.12,12,2453,599,1251,529,2.4122,127000
-117,33.11,31,2055,473,1326,427,3.0915,139900
-117,33.11,17,5565,1237,3004,1139,3.0054,142300
-117,33.07,8,2756,343,1045,340,8.5957,444100
-117,33.04,4,2271,578,926,391,3.6437,210100
-117,33.03,15,1095,158,361,176,6.8099,328200
-117,33.03,14,6665,1231,2026,1001,5.09,268500
-117,33.02,17,2863,665,715,467,2.6048,148200
-117,33.01,5,5870,977,1917,842,5.1998,294100
-117,33.01,25,2120,381,588,359,3.1187,169400
-117,33,4,9153,1866,3775,1698,4.955,241500
-117,33,4,6242,1258,2211,1116,4.25,281600
-117,32.91,5,2234,256,894,253,10.3354,477600
-117,32.8,36,2028,349,820,352,3.9828,168900
-117,32.8,31,2550,395,1017,405,5.1488,181000
-117,32.8,23,2698,410,1094,411,5.1782,195100
-117,32.78,26,3725,623,1516,627,4.7143,268300
-117,32.78,22,922,240,1524,235,1.6815,218800
-117,32.77,38,3779,614,1495,614,4.3529,184000
-117,32.77,38,1130,228,699,241,2.65,167600
-117,32.77,34,2245,394,1849,429,3.5446,185500
-117,32.76,42,1827,378,880,380,2.5125,176600
-117,32.76,14,2523,545,1297,525,2.3886,138100
-117,32.75,9,3464,749,1687,645,3.3026,119100
-117,32.75,37,2690,549,1219,524,2.3148,154200
-117,32.75,31,2036,501,1263,442,2.5583,120700
-117,32.75,14,3073,851,2000,782,2.3824,144700
-117,32.74,37,1042,205,589,208,2.6629,116900
-117,32.73,18,2968,656,1149,581,2.6452,154200
-117,32.72,18,1758,286,987,277,4.6875,141800
-117,32.71,39,2754,652,2263,619,2.2454,89600
-117,32.71,36,2448,475,1268,450,2.5682,109100
-117,32.71,26,4151,823,2822,697,2.8372,123400
-117,32.7,14,2763,456,1914,465,4.1645,143000
-117,32.69,29,1429,293,1091,317,3.4609,118000
-117,32.69,28,1485,275,820,283,4.069,153300
-117,32.69,20,2192,406,1766,393,4.0921,135000
-117,32.68,18,1475,267,1149,268,5.0827,142200
-117,32.67,35,3200,725,1723,610,1.8977,95600
-117,32.67,28,2758,623,2179,631,2.3814,112300
-117,32.65,12,4131,891,2272,840,3.4701,204900
-117,32.64,38,1486,269,745,295,4.6477,150400
-117,32.64,32,5135,1025,2152,944,4.1325,172800
-117,32.64,30,2873,774,1593,731,2.24,129500
-117,32.63,40,1706,322,796,303,3.5583,154900
-117,32.63,37,2372,444,1056,419,3.7583,145500
-117,32.63,37,2303,379,1026,357,3.455,156900
-117,32.62,19,5016,1173,2750,1081,2.7838,155900
-117,32.61,22,5016,1331,3222,1196,2.1441,135500
-117,32.61,10,1686,414,1000,391,2.1765,128400
-117,32.6,18,2602,551,1042,550,1.9267,67500
-117,32.59,21,1779,466,1327,488,1.6007,96200
-117,32.57,17,2961,634,1911,615,2.5859,131400
-117,32.57,14,1527,357,1224,363,2.7361,93600
-117,32.56,9,3648,895,3293,840,3.0992,142600
-117,34.96,28,1777,307,721,259,3.6343,79800
-117,34.08,34,45,11,39,14,3.0625,500001
-117,34.03,23,3862,699,2082,652,3.154,115700
-117,34.02,20,3111,563,1453,538,3.3365,122800
-117,33.82,6,1771,293,935,279,4.065,148200
-117,33.23,14,3337,571,1385,512,4.15,272200
-117,33.14,19,2629,494,1444,503,3.5462,156800
-117,33.14,15,1497,250,827,239,4.3846,154200
-117,33.14,11,1430,292,921,294,4.2357,160900
-117,33.13,17,8466,2628,7014,2267,2.1437,113700
-117,33.12,37,1060,268,823,229,1.8363,145500
-117,33.12,33,674,208,565,188,1.875,114300
-117,33.11,31,1832,444,1669,463,2.2146,116700
-117,33.11,31,1356,324,1301,331,2.5331,115100
-117,33.11,28,2094,585,1556,563,2.2,127700
-117,33.09,23,3792,624,1988,658,4.7566,178300
-117,33.08,23,3400,501,1383,488,4.9844,249100
-117,33.04,10,2577,347,1193,365,6.53,264100
-117,33.03,18,1339,284,761,290,5.3074,137200
-117,33.03,17,987,142,463,152,5.8747,229300
-117,33.03,15,3023,623,1283,559,3.3724,137900
-117,33.03,10,2296,450,818,405,4.3424,160600
-117,33.01,5,5659,931,2565,902,6.1949,238700
-117,32.97,3,17466,3336,7644,2895,5.4584,246500
-117,32.93,5,14944,2490,6600,2407,6.0857,308300
-117,32.91,9,1547,218,683,231,7.5604,327900
-117,32.91,16,1653,228,690,224,6.5853,248400
-117,32.83,7,13703,2352,4446,1856,6.4335,260600
-117,32.82,10,5177,856,2190,816,5.9734,271700
-117,32.8,25,2963,552,1162,556,3.625,184500
-117,32.78,21,2919,496,984,443,4.625,222800
-117,32.77,31,1070,155,426,153,6.1628,219200
-117,32.77,25,3911,849,1580,767,2.7778,184100
-117,32.76,27,1221,254,606,259,3.0833,155400
-117,32.76,20,2547,785,1199,643,1.7743,140300
-117,32.76,18,1704,596,1639,548,1.7391,125000
-117,32.75,20,1989,508,1452,462,2.0077,118300
-117,32.75,16,1111,328,930,303,1.2347,128100
-117,32.75,15,1821,516,1385,439,2.5101,95300
-117,32.74,33,3260,673,1784,666,3.5078,126500
-117,32.74,26,2359,622,2067,581,1.8103,124700
-117,32.73,36,3331,643,1903,622,3.6974,122000
-117,32.73,36,1158,218,619,233,3.6125,122500
-117,32.73,19,2935,763,1953,720,1.4254,111300
-117,32.71,27,2204,598,1656,521,1.4821,86200
-117,32.7,37,2176,418,1301,375,2.875,98900
-117,32.7,36,2103,390,1279,392,2.4135,97000
-117,32.69,36,1571,284,1001,268,3.6875,111400
-117,32.69,31,2558,487,1938,492,3.4875,117000
-117,32.68,26,3071,615,2156,568,2.9318,112400
-117,32.68,19,3635,1078,3127,1098,1.324,122600
-117,32.67,31,3008,764,2088,757,2.5662,118200
-117,32.66,43,1004,236,839,235,2.81,103400
-117,32.65,28,2296,603,1277,550,2.3562,123800
-117,32.65,17,2633,712,1487,694,2.5392,147000
-117,32.64,38,917,256,494,233,1.9241,150000
-117,32.64,11,1651,533,947,515,1.6806,141700
-117,32.63,33,2891,793,1607,754,2.1281,139800
-117,32.63,30,2504,559,1827,490,2.6146,159400
-117,32.63,28,2080,427,1266,434,2.2788,146300
-117,32.62,36,1674,309,818,307,3.4773,150400
-117,32.62,28,2468,506,1353,522,3.0771,158600
-117,32.62,16,5192,1381,3261,1321,2.2685,151900
-117,32.61,27,2264,525,1485,468,3.3514,149100
-117,32.6,24,1901,490,1334,476,2.2544,121900
-117,32.59,8,2888,662,2441,683,2.7048,153000
-117,32.59,30,144,52,220,48,2.3929,134400
-117,32.58,22,2128,477,1420,450,3.2687,131000
-117,32.57,9,6298,1512,4451,1456,2.569,88300
-117,34.22,16,1347,327,271,91,4,87500
-117,34.07,24,6260,1271,3132,1189,2.5156,103000
-117,33.71,13,1974,426,1276,408,1.972,90500
-117,33.15,13,3958,865,1981,840,3.4764,137500
-117,33.13,9,5685,1442,3773,1250,3.0426,129900
-117,33.12,11,567,184,620,163,2.5284,122500
-117,33.11,32,1713,321,891,286,3.1429,171600
-117,33.1,21,2876,539,1387,499,3.8292,177000
-117,32.99,18,3215,588,1618,509,4.6028,216800
-117,32.99,16,2175,327,1037,326,5.1909,201400
-117,32.98,23,1125,273,687,308,2.3182,268800
-117,32.91,9,2012,316,802,289,6.5706,255700
-117,32.91,16,2005,266,827,270,7.0546,282200
-117,32.9,16,1989,290,814,291,6.2715,255100
-117,32.83,15,4138,636,2001,677,4.8419,264000
-117,32.81,7,6100,1185,2710,1040,5.5673,288200
-117,32.8,36,2163,367,915,360,4.7188,174100
-117,32.8,15,666,152,247,164,2.15,131300
-117,32.79,36,1936,345,861,343,3.8333,170000
-117,32.79,36,1529,266,683,260,4.0982,171200
-117,32.79,20,2183,534,999,496,2.8631,169700
-117,32.78,28,1708,393,816,393,2.9881,165300
-117,32.77,38,2065,374,812,343,3.125,216500
-117,32.77,31,3062,596,1263,539,3.0875,291500
-117,32.76,44,1139,214,470,217,3.5481,203100
-117,32.76,43,3889,711,1466,663,3.5529,223000
-117,32.76,31,2567,624,1255,582,2.5909,159100
-117,32.76,31,1235,387,816,397,1.5517,122500
-117,32.76,10,1922,577,1595,545,1.5208,118800
-117,32.75,30,1899,546,1620,493,1.6034,84400
-117,32.75,28,1220,391,1286,396,1.2286,105000
-117,32.75,24,1245,376,1230,362,1.875,95000
-117,32.75,20,1701,503,1482,465,1.6789,95500
-117,32.74,23,3130,779,2472,744,2.32,93200
-117,32.73,26,3114,686,1948,660,2.8942,124100
-117,32.72,39,1273,246,770,242,2.0938,102500
-117,32.72,33,1096,240,716,224,1.6944,111800
-117,32.71,29,2238,523,2061,504,2.5559,96800
-117,32.71,12,3375,945,2357,808,1.5,106300
-117,32.7,22,2409,582,1887,578,1.4089,94200
-117,32.69,20,1102,205,852,217,3.1833,108300
-117,32.69,18,1645,430,1221,410,1.3269,108000
-117,32.68,30,2662,653,1997,605,2.8089,120600
-117,32.68,29,1792,449,1650,396,2.2201,100000
-117,32.68,20,2569,737,2341,705,2.0114,104900
-117,32.67,37,1157,332,983,306,2.0972,117000
-117,32.67,31,2051,549,1581,538,2.052,108900
-117,32.66,46,844,147,423,161,3.375,136300
-117,32.66,38,833,206,570,182,1.8333,127100
-117,32.65,25,3509,985,2359,899,2.6296,150000
-117,32.65,20,1445,323,573,334,2.619,145800
-117,32.64,38,2095,536,1240,550,2.7218,145900
-117,32.64,30,3171,862,2126,800,2.507,142700
-117,32.64,24,3613,973,2002,931,1.947,147500
-117,32.64,20,1999,651,1302,592,1.6321,57500
-117,32.63,33,620,161,420,164,1.8417,150000
-117,32.63,27,2920,770,1935,746,2.4148,67500
-117,32.62,37,1925,428,1344,426,2.4866,129700
-117,32.62,34,1576,364,1153,381,2.1955,129700
-117,32.61,23,1157,309,640,313,2.1548,118800
-117,32.61,21,1945,430,1335,419,3.6467,113000
-117,32.58,12,2565,567,1785,545,3.0273,135300
-117,32.57,23,1817,323,1371,327,3.6736,139500
-117,32.57,17,444,83,357,87,5.1478,138900
-117,32.57,10,2198,368,1645,350,4.5547,160700
-117,32.55,8,6533,1217,4797,1177,3.9583,144400
-117,34.57,6,5110,1044,1938,724,3.1917,112800
-117,34.21,22,4397,931,1145,445,4.5268,108400
-117,34.03,24,4144,826,2127,772,2.5172,96000
-117,33.56,6,1868,289,750,247,4.3833,307600
-117,33.36,19,3518,658,2091,610,3.2614,168800
-117,33.17,12,2465,412,1226,428,5.4819,183800
-117,33.15,5,3159,685,1398,581,3.1467,161100
-117,33.14,7,10665,2576,4917,2424,2.3171,159500
-117,33.12,12,961,342,315,201,0.813,275000
-117,33,5,15502,2613,7417,2358,5.9094,261100
-117,32.97,17,3167,861,2098,828,2.4459,85800
-117,32.96,7,3619,770,1134,482,4.1279,167600
-117,32.9,16,2994,445,1047,437,5.149,184300
-117,32.83,16,4214,744,1820,699,4.3783,179500
-117,32.77,49,4449,711,1606,709,5.7768,281600
-117,32.76,52,2606,426,883,380,4.2813,270800
-117,32.76,31,987,267,619,250,2.9286,151800
-117,32.76,30,1835,474,934,415,2.875,139600
-117,32.75,23,1858,551,1506,492,1.7446,85200
-117,32.75,21,2063,609,1686,558,1.4828,94800
-117,32.75,20,2355,722,1848,576,2.0036,99200
-117,32.75,16,2426,799,1505,754,1.6444,103400
-117,32.75,15,2422,774,2120,715,1.0617,92400
-117,32.75,11,1976,548,1528,512,1.4886,89800
-117,32.74,30,1772,500,1389,447,2.3641,94100
-117,32.74,14,2361,601,1831,526,1.6102,93400
-117,32.73,24,2927,704,2005,668,2.2375,102900
-117,32.72,5,1615,387,1094,394,2.2024,137200
-117,32.71,9,1931,472,1628,445,2.085,92600
-117,32.71,25,939,247,1003,240,1.75,87900
-117,32.7,42,2002,488,1505,464,1.5057,86300
-117,32.7,28,633,137,525,170,3.6042,95600
-117,32.69,37,1269,340,1369,302,2.2102,87200
-117,32.69,35,1292,272,1183,272,2.0547,98000
-117,32.69,29,4174,1195,3675,1124,1.8112,103600
-117,32.69,11,3071,911,2812,774,1.2413,83100
-117,32.68,49,1412,350,1200,332,2.0398,93600
-117,32.68,47,771,224,637,212,2.0156,90300
-117,32.68,47,1044,274,1003,280,1.7802,97800
-117,32.68,20,1012,269,837,240,2.0488,88900
-117,32.67,26,2629,763,2721,767,2.0982,109100
-117,32.67,22,1690,541,1669,494,2.0213,110600
-117,32.67,15,1635,553,1347,597,1.2745,92900
-117,32.66,27,1782,560,1785,560,2.1542,106300
-117,32.64,29,1578,460,1236,461,2.5658,134700
-117,32.59,21,2350,667,1621,613,2.0734,87500
-117,32.58,29,1061,202,759,206,4.8646,136800
-117,32.58,27,2616,591,1889,577,2.3824,127600
-117,32.58,23,1662,377,1318,386,2.3,120800
-117,32.58,17,2046,559,1585,530,2.25,132800
-117,32.57,26,2343,371,1221,372,4.3601,144900
-117,32.57,14,5058,1299,3662,1193,2.3253,133700
-117,32.56,16,2687,501,1502,480,3.75,146800
-117,34.43,14,3026,556,1349,485,2.8021,111200
-117,33.98,25,1254,312,715,301,2.7344,149000
-117,33.83,14,2715,500,1540,464,3.8036,139600
-117,33.78,13,1914,339,930,304,4.1875,161200
-117,33.75,17,4174,851,1845,780,2.2618,96100
-117,33.74,18,4799,1035,1966,944,2.1182,71300
-117,33.23,13,5819,919,2228,866,4.9335,298100
-117,33.19,15,3154,488,1656,429,5.0461,222400
-117,33.15,14,8374,1407,2916,1295,4.7019,191100
-117,33.14,10,3208,636,1395,582,3.4455,190500
-117,33.12,46,52,13,59,13,3.875,200000
-117,33.11,17,2641,627,1167,647,2.2875,132400
-117,32.97,9,1531,242,850,240,6.0862,263600
-117,32.95,11,4694,824,2223,783,4.9485,231800
-117,32.91,15,1840,235,855,241,7.5992,310600
-117,32.9,16,2043,388,705,352,4.4766,161500
-117,32.84,16,4608,629,2020,636,6.04,243000
-117,32.82,16,4241,892,1771,864,4.375,166500
-117,32.82,16,3980,682,3174,647,2.6607,175000
-117,32.81,15,3428,491,2303,486,2.5953,67500
-117,32.8,17,3890,586,2791,595,3.2197,67500
-117,32.79,16,2574,771,1129,721,3.3849,96900
-117,32.79,16,1791,518,1006,491,3.5179,129300
-117,32.78,16,2470,830,1170,724,3.5562,73500
-117,32.78,16,2220,512,930,527,3.6528,133200
-117,32.77,52,1506,233,478,240,4.3875,300000
-117,32.77,52,1484,224,498,223,6.6053,331400
-117,32.77,50,1729,355,617,337,3.6705,167000
-117,32.77,48,1502,272,590,265,2.5952,190300
-117,32.76,29,2030,545,1014,518,2.2409,114200
-117,32.76,28,1457,397,672,342,1.9799,122700
-117,32.76,21,2226,600,1085,533,2.2604,126300
-117,32.76,19,2188,616,1304,607,2.0852,114400
-117,32.75,46,695,182,601,195,2.4219,90600
-117,32.75,34,2131,594,1373,562,2.113,102100
-117,32.75,21,2127,658,1812,603,1.6896,100000
-117,32.75,20,1667,469,1292,445,2.0893,101100
-117,32.75,11,1607,478,1384,450,2.05,100000
-117,32.74,33,1126,267,621,241,3.2422,123100
-117,32.74,25,684,190,665,187,2.4524,90300
-117,32.74,25,2846,644,2272,632,2.2,98700
-117,32.73,35,1689,397,1135,366,2.3269,97300
-117,32.73,34,1096,221,574,223,3.8355,126700
-117,32.72,25,1491,348,1183,316,1.9583,88600
-117,32.71,30,1729,457,1673,460,1.7,85900
-117,32.71,29,1040,291,1054,297,1.1818,83200
-117,32.7,37,2045,502,1920,472,1.8125,83300
-117,32.7,34,2028,522,1797,464,1.7402,79400
-117,32.7,33,1980,488,1626,428,1.4856,86400
-117,32.69,39,395,159,620,162,2.725,86500
-117,32.69,37,2395,627,2489,599,1.5933,86300
-117,32.69,36,1421,367,1418,355,1.9425,93400
-117,32.69,34,1144,295,1271,302,2.09,91800
-117,32.68,36,26,14,58,23,1.9107,125000
-117,32.67,52,280,71,217,71,1.4844,83300
-117,32.67,52,204,74,248,57,1.7961,47500
-117,32.67,46,928,236,790,235,1.6806,92500
-117,32.67,43,515,146,445,140,1.6094,93000
-117,32.64,23,1619,447,1025,415,1.858,67500
-117,32.62,27,1846,509,1078,482,2.1719,131500
-117,32.59,18,2329,580,1538,567,2.1179,153100
-117,32.59,17,2020,534,1529,500,2.1773,143200
-117,32.58,28,1869,407,1074,344,2.5988,135600
-117,32.58,21,2894,685,2109,712,2.2755,125000
-117,34.46,17,1613,326,765,300,2.6827,110400
-117,34.06,38,281,55,151,52,1.3906,120800
-117,34.04,25,2495,438,1071,405,4.8173,146600
-117,33.52,4,30401,4957,13251,4339,4.5841,212300
-117,33.27,11,3016,601,1727,541,4.9375,232800
-117,33.15,7,2810,464,1564,457,4.4655,182800
-117,33.14,16,1710,272,1025,267,4.1641,163600
-117,33.14,12,2363,408,1211,396,3.8967,172600
-117,33.07,45,1032,235,363,177,3.6389,186600
-117,32.96,16,3050,559,1444,512,5.2463,156300
-117,32.96,15,2869,405,1526,402,6.0175,238300
-117,32.95,8,3670,536,1723,592,6.3542,218100
-117,32.95,4,9018,1572,4438,1498,4.988,263700
-117,32.93,7,1427,243,927,239,5.3625,218900
-117,32.91,8,3405,961,1742,918,2.8728,114600
-117,32.9,14,3249,937,1929,838,2.8588,92500
-117,32.9,13,1743,363,854,353,4.6667,138200
-117,32.8,31,1727,342,879,345,3.8125,166300
-117,32.8,29,2863,534,1392,522,3.8719,174200
-117,32.78,4,2782,817,1309,787,4.2621,124200
-117,32.77,48,2012,422,893,394,2.7928,175000
-117,32.77,43,2167,464,977,461,3.125,192200
-117,32.76,33,2279,591,1250,576,2.4297,139000
-117,32.76,28,2160,608,1339,571,1.9152,128100
-117,32.76,28,1605,501,936,460,2.5991,147500
-117,32.76,27,1426,364,792,353,2.0673,118800
-117,32.76,23,2681,717,1279,648,2.1597,116100
-117,32.76,17,1559,462,821,428,2.0139,150000
-117,32.75,37,2344,546,1134,513,2.4394,118300
-117,32.75,20,1406,413,850,412,2.3261,114600
-117,32.75,17,2060,633,1251,602,1.9886,119200
-117,32.75,15,2671,724,1800,646,2.1394,106700
-117,32.75,13,2795,773,1869,690,2.1767,101800
-117,32.74,52,1969,389,877,424,3.79,163400
-117,32.74,46,1898,441,978,439,3.2708,155200
-117,32.73,50,2307,424,887,356,3.5156,168800
-117,32.72,36,6096,1285,3093,1229,3.37,159100
-117,32.71,33,1256,331,1315,321,1.9286,78500
-117,32.71,24,421,101,396,113,0.6433,111300
-117,32.7,38,818,217,953,231,1.0531,65700
-117,32.7,37,1361,348,1398,328,1.1681,78100
-117,32.7,36,1011,253,763,226,1.8187,84100
-117,32.7,14,819,237,827,237,1.3194,90500
-117,32.69,46,200,77,180,65,1.0658,93800
-117,32.69,37,1082,294,1146,265,2.0673,88500
-117,32.58,34,2003,466,1226,443,3.0613,136700
-117,32.58,26,1360,309,869,328,3.0217,131600
-117,32.57,21,1738,295,983,298,4.8274,174100
-117,32.56,20,2524,682,1819,560,2.9286,257700
-117,34.88,21,3254,669,1548,545,2.3373,57100
-117,34.39,29,2251,464,855,315,3.4183,104100
-117,34.24,17,2828,506,673,274,5.2563,144100
-117,34.17,17,1181,271,248,114,5.5762,150000
-117,34.06,4,3078,510,1341,486,4.9688,163200
-117,33.89,4,1611,239,275,84,3.5781,244400
-117,33.15,15,2241,381,997,390,3.4833,193200
-117,33.14,5,2618,539,1320,512,4.1053,171400
-117,33.14,16,1649,278,993,277,4.8526,170700
-117,33.14,12,2258,456,1147,433,4.0495,153900
-117,33.13,17,3164,652,1123,699,2.082,80000
-117,32.97,10,3486,469,1700,483,6.4696,249500
-117,32.96,15,2267,292,1180,289,6.712,240200
-117,32.94,15,4846,825,2797,823,4.9375,180400
-117,32.93,16,2918,444,1697,444,5.3062,195500
-117,32.92,17,1481,315,1002,300,3.6196,163400
-117,32.92,16,2173,399,1460,393,4.2614,169600
-117,32.92,16,1580,241,917,261,4.7266,191100
-117,32.92,16,1565,257,893,239,5.5036,192300
-117,32.91,16,3230,579,1825,576,4.2969,151200
-117,32.91,15,1450,266,747,290,3.6111,196300
-117,32.9,15,2785,644,1798,630,3.7156,175200
-117,32.81,26,2119,444,1202,440,3.2308,166500
-117,32.81,19,2157,554,1349,535,2.7652,177400
-117,32.8,35,2129,382,1044,350,3.9732,174900
-117,32.8,33,2731,456,1263,445,4.5568,175300
-117,32.8,15,1606,375,784,342,3.7237,108300
-117,32.79,35,1458,262,723,257,4.2098,174100
-117,32.77,30,2582,650,1098,603,2.8281,171700
-117,32.76,33,1591,461,794,425,2.6333,140000
-117,32.76,29,2568,682,1191,642,2.1094,162500
-117,32.76,27,2280,695,1235,664,1.9392,142900
-117,32.76,22,2623,732,1283,718,2.1563,127100
-117,32.75,50,1476,354,698,354,3,168800
-117,32.75,37,4142,1031,1936,968,2.693,174100
-117,32.75,31,2336,656,1186,609,2.5872,130600
-117,32.75,28,2279,671,1166,623,1.95,150000
-117,32.75,24,1877,519,898,483,2.2264,112500
-117,32.75,23,3999,1182,2051,1130,2.1292,135000
-117,32.75,20,2271,602,992,520,2.2599,157600
-117,32.74,52,1512,321,651,321,3.6852,185300
-117,32.74,50,1527,338,728,322,2.625,203200
-117,32.74,46,3355,768,1457,708,2.6604,170100
-117,32.73,52,2676,557,1181,537,3.6058,213100
-117,32.73,52,1911,415,777,412,2.2429,221100
-117,32.73,52,1148,214,481,215,5.454,240900
-117,32.73,43,2706,667,1531,614,2.1513,145000
-117,32.72,9,2436,720,1780,653,1.8299,137500
-117,32.72,52,1560,307,757,315,2.7083,199100
-117,32.72,43,2160,504,1221,452,2.4821,140600
-117,32.72,32,2197,623,1784,599,1.901,120300
-117,32.72,19,1341,435,1048,360,1.975,117900
-117,32.72,17,1285,423,1208,409,1.758,126600
-117,32.71,44,1697,413,1396,363,1.5474,83300
-117,32.71,42,1145,314,1114,307,1.2614,87500
-117,32.71,38,993,246,760,205,1.1563,82700
-117,32.71,37,1220,325,1472,323,1.825,81500
-117,32.71,35,614,180,691,164,1.6953,81300
-117,32.7,48,786,230,917,231,1.875,75600
-117,32.7,42,1210,292,945,258,0.8991,78900
-117,32.7,38,1445,392,1286,357,1.4632,80200
-117,32.7,35,1179,344,1372,330,1.9509,70200
-117,32.63,10,7374,1157,1900,794,8.7991,478500
-117,32.58,32,1870,437,1142,426,2.3194,159400
-117,32.58,27,1417,373,814,348,2.3603,195300
-117,34.75,33,552,120,347,97,1.8158,100000
-117,34.07,3,5542,828,2506,806,5.5875,162000
-117,34.05,5,2634,359,1173,372,6.746,204100
-117,34.01,26,7561,1051,2909,1012,7.2972,269600
-117,33.94,5,4873,639,1947,568,6.3223,223200
-117,33.39,17,2889,587,1931,510,3.8547,208300
-117,33.23,11,4068,829,918,500,3.1272,281300
-117,33.18,11,5546,974,2300,970,3.7109,199800
-117,33.16,16,1660,236,733,214,5.6874,202700
-117,33.15,17,1149,182,702,192,5.5696,168400
-117,33.15,16,1129,198,758,178,5.0346,174600
-117,33.12,7,6126,1032,2662,923,4.9005,264000
-117,33.07,12,9302,1603,4074,1504,4.3513,199600
-117,32.96,12,5949,799,2936,781,6.3721,241500
-117,32.93,16,2412,419,1612,422,4.5086,171100
-117,32.93,14,1946,463,1205,390,4.2109,171200
-117,32.93,12,1474,364,1009,372,4.0521,166700
-117,32.92,7,1308,418,766,390,3.2151,106300
-117,32.92,6,3069,750,1541,736,3.814,132500
-117,32.92,15,3242,595,1936,593,4.9706,184700
-117,32.91,14,3014,710,2165,705,3.7837,160300
-117,32.83,25,2161,462,896,468,2.2284,177500
-117,32.81,34,1748,294,800,294,4.4886,179100
-117,32.8,41,2423,469,1813,466,2.1157,156900
-117,32.8,35,1267,212,710,204,2.5368,169600
-117,32.79,35,3578,582,1568,553,4.7813,188600
-117,32.79,31,984,161,422,158,5.282,183000
-117,32.76,35,1785,493,965,506,2.0792,160000
-117,32.76,32,2587,681,1246,650,2.1727,145500
-117,32.76,28,3025,756,1328,695,2.694,164100
-117,32.76,24,3523,991,1775,873,2.1273,142300
-117,32.75,37,1832,525,955,488,2.7852,129200
-117,32.75,35,1391,329,726,317,2.6818,159400
-117,32.75,29,1961,565,1002,569,2.2813,118100
-117,32.75,27,1551,464,880,400,2.4167,131300
-117,32.74,47,1494,327,689,304,3.125,172700
-117,32.74,16,6075,1816,2592,1634,2.5553,178100
-117,32.73,26,450,132,317,109,4,137500
-117,32.72,43,1073,344,660,279,2.0529,168800
-117,32.72,42,1558,458,1227,407,2.2804,139100
-117,32.72,34,2533,862,2011,778,2.1199,160400
-117,32.71,52,979,314,975,297,1.2375,100000
-117,32.71,52,800,313,1337,282,1.5594,87500
-117,32.71,52,1225,332,955,321,1.6011,106300
-117,32.71,43,966,255,857,208,1.2841,72000
-117,32.71,39,1647,478,2176,479,1.7642,82900
-117,32.71,34,1694,455,1467,425,2.1164,139400
-117,32.7,48,510,180,545,132,1.8008,86500
-117,32.7,44,658,218,869,212,1.9338,89400
-117,32.7,43,1126,289,1132,294,2.1875,87000
-117,32.7,40,1227,330,1199,316,1.2188,92500
-117,32.7,36,633,148,557,139,1.5729,82700
-117,32.7,32,1280,353,1335,330,1.6023,77300
-117,34.83,30,5370,1062,2778,944,3.099,66800
-117,34.48,31,265,55,186,55,2.125,64800
-117,34.22,10,1039,174,317,109,7.2371,171900
-117,34.07,15,1852,316,906,298,5.3526,129800
-117,34.06,25,3670,644,1815,634,4.0658,127400
-117,34.05,9,1442,219,633,230,5.0227,162300
-117,34.03,32,2832,393,1033,385,6.5648,237200
-117,34.03,26,5305,701,1818,676,6.1461,217100
-117,33.7,2,6305,1265,2489,1152,3.1319,111500
-117,33.45,4,9089,1413,3886,1243,4.6904,174200
-117,33.2,16,2690,459,1253,393,4.0328,294600
-117,33.16,5,4750,962,2726,905,3.5839,158500
-117,33.14,15,1070,208,470,217,2.3062,158900
-117,33.02,4,15029,2279,5613,1696,7.2731,450400
-117,32.92,16,2969,514,1594,465,4.5221,168300
-117,32.92,16,1972,402,1377,413,4.4615,168300
-117,32.91,15,1613,303,702,240,4.875,169300
-117,32.91,10,2349,431,1598,435,4.8229,183200
-117,32.8,41,1413,261,1070,259,2.3578,166700
-117,32.8,23,2395,476,2284,488,3.7292,146300
-117,32.78,25,1577,266,611,284,5.25,205100
-117,32.77,16,2056,631,847,569,2.9576,92200
-117,32.76,43,2361,489,824,470,3.4196,302200
-117,32.76,40,1809,474,826,456,2.6518,179800
-117,32.76,37,1921,502,811,472,2.75,175000
-117,32.76,36,2644,674,1211,654,3.0445,214800
-117,32.75,9,2818,821,851,555,2.6181,204200
-117,32.75,27,3166,867,1332,817,2.6742,171400
-117,32.74,43,2383,607,962,587,2.2578,263600
-117,32.72,52,344,177,460,147,1.2292,137500
-117,32.72,51,1321,550,781,499,1.3071,250000
-117,32.71,52,402,183,557,172,1.3125,87500
-117,32.71,52,217,82,531,93,1.6607,137500
-117,32.7,52,458,148,1283,166,1.2863,86300
-117,32.7,50,475,172,483,120,1.3657,162500
-117,34.9,16,1579,327,934,298,2.7305,73800
-117,34.26,27,9285,1621,1135,410,2.5446,135200
-117,34.08,9,5306,993,2630,925,4.51,135800
-117,34.06,17,2285,554,1412,541,1.8152,94300
-117,34.05,23,3215,462,1411,435,6.0701,149900
-117,33.61,3,2744,428,1223,366,4.7944,215300
-117,33.57,2,20391,3245,7132,2716,3.9443,187300
-117,33.54,4,4952,1000,2912,943,3.7538,147500
-117,33.06,16,1988,279,770,252,5.8661,404500
-117,32.91,5,1619,272,1063,296,6.0891,214600
-117,32.89,5,8576,1952,5006,1827,4.3598,189100
-117,32.82,28,2291,371,1098,382,4.6875,188000
-117,32.81,34,2275,375,1021,379,3.6371,176300
-117,32.81,14,4328,1100,2046,1044,2.2899,159000
-117,32.8,37,422,79,211,80,3.0625,159700
-117,32.8,25,1399,329,1308,355,2.5682,187500
-117,32.8,22,2259,634,1213,601,2.5,177800
-117,32.79,32,1731,413,1569,427,3.3375,154300
-117,32.78,24,3566,765,1697,722,3.6375,178600
-117,32.75,49,1566,494,643,419,1.9637,137500
-117,32.75,34,1785,558,804,490,2.2687,200000
-117,32.75,23,2474,594,1107,536,2.9705,245500
-117,32.75,19,5430,1593,2496,1484,2.9112,199100
-117,32.74,52,852,262,389,249,2.6042,225000
-117,32.74,49,1815,495,601,410,3.0571,418800
-117,32.74,43,1437,406,692,379,3.1979,466700
-117,32.74,27,2335,604,982,590,3.1921,261500
-117,32.74,21,1882,486,903,482,3.06,243800
-117,32.73,52,1682,617,873,534,2.0972,112500
-117,32.73,52,1218,471,821,429,1.9597,200000
-117,32.72,27,1245,471,653,451,1.2668,225000
-117,32.72,24,1232,663,1184,626,1.0391,162500
-117,32.71,5,2508,827,2066,761,1.3092,325000
-117,32.58,36,1940,399,1076,382,3.3906,147800
-117,34.51,15,5151,942,2896,897,3.4875,90800
-117,34.49,13,4460,925,2225,840,2.0136,94100
-117,34.25,15,4236,753,703,255,3.5625,165500
-117,34.12,3,15695,2248,6080,1920,6.2178,173900
-117,34.12,2,3867,573,1275,433,5.4138,164400
-117,34.08,5,1473,228,842,257,4.875,138100
-117,34.07,24,6573,1235,2904,1202,3.0651,108000
-117,34.05,29,4007,700,1576,696,3.1801,149300
-117,34.05,24,2877,507,1141,474,4.2059,121500
-117,34.03,33,4583,648,1760,638,6.3308,230600
-117,33.83,7,77,12,64,15,4.6,187500
-117,33.66,2,7401,1187,2826,839,4.1386,177300
-117,33.34,15,3313,679,1022,564,2.7986,189900
-117,33.18,25,596,115,426,137,3.0221,214300
-117,32.83,24,3541,530,1591,530,5.3538,212500
-117,32.82,24,1623,417,911,397,2.7401,198100
-117,32.82,24,1569,377,715,321,3.1146,187500
-117,32.81,33,3064,506,1355,488,4.22,178700
-117,32.81,26,2424,388,974,375,4.739,184100
-117,32.8,20,2827,554,1822,536,3.4706,157600
-117,32.79,44,2262,647,3009,657,2.2663,123600
-117,32.79,43,1269,297,946,285,2.1447,133300
-117,32.78,42,1104,305,892,270,2.2768,145200
-117,32.78,17,3845,1051,3102,944,2.3658,164100
-117,32.77,6,3856,875,1547,816,4.5481,164800
-117,32.77,35,1399,274,695,281,3.767,166800
-117,32.75,52,1052,239,381,201,3.0726,289600
-117,32.75,38,5430,1176,2357,1100,3.654,249000
-117,32.75,28,1514,384,540,352,2.1532,240000
-117,32.74,39,3803,806,1567,775,3.7039,361500
-117,32.74,38,5054,1168,2366,1103,2.9422,289400
-117,32.73,52,55,18,65,22,1.6591,112500
-117,32.73,52,408,143,313,143,1.815,116700
-117,32.73,52,1578,487,879,446,2.4069,215000
-117,32.72,44,626,256,572,229,1.5909,262500
-117,32.71,7,2493,693,951,641,4.2375,205000
-117,32.71,39,311,181,206,113,0.7685,187500
-117,32.7,33,4084,897,1804,833,4.0488,409700
-117,32.69,45,3168,598,1341,562,4.5189,422200
-117,32.69,40,2236,331,767,316,5.3177,500001
-117,32.69,19,2802,802,1159,597,4.7891,334600
-117,32.68,16,5895,1424,873,522,7.3669,187500
-117,32.63,26,1617,279,2745,250,3.5357,67500
-117,34.54,5,3772,619,2097,635,3.8194,98500
-117,34.3,33,399,87,71,27,1.875,71300
-117,34.08,28,2243,399,1464,379,3.2105,90300
-117,34.07,7,1347,301,799,276,2.9485,112500
-117,34.07,28,1306,279,885,255,2.1154,75300
-117,34.07,14,1258,245,752,264,3.3924,97400
-117,34.06,28,699,180,432,168,2.1875,81900
-117,34.06,26,1953,446,1284,414,1.3485,85100
-117,34.05,52,1820,342,601,315,2.6129,137000
-117,34.05,29,3436,731,1323,676,2.4943,122300
-117,34.04,38,2492,381,1003,369,3.6875,152800
-117,33.78,7,1697,424,808,354,1.3417,169300
-117,33.51,13,270,42,120,42,6.993,500001
-117,33.16,15,5923,1206,3943,1006,3.1793,159900
-117,33.15,7,6225,1683,5410,1580,2.32,117500
-117,33.11,16,3470,601,1197,552,5.1814,279900
-117,32.95,4,19001,2688,8980,2441,6.3237,260900
-117,32.84,31,3064,575,1476,549,3.6667,175900
-117,32.84,30,2290,523,1272,472,3.5606,165100
-117,32.83,31,1772,353,1090,350,3.9265,162000
-117,32.83,27,2346,399,1105,373,4.2708,182800
-117,32.82,25,1756,301,722,312,4.5625,162300
-117,32.81,28,3436,537,1503,498,4.7679,204000
-117,32.81,19,6823,1509,3784,1509,3.1032,179500
-117,32.8,30,2456,390,1022,393,3.8542,198500
-117,32.8,10,3821,631,1605,609,5.5454,217100
-117,32.79,30,5201,1104,2961,1064,3.2661,140400
-117,32.78,21,4185,1018,3122,993,3.0481,210000
-117,32.77,23,1215,225,592,224,3.4,200600
-117,32.77,16,2374,780,913,705,2.7386,87500
-117,32.76,8,3694,997,1297,807,3.6492,158900
-117,32.76,17,711,254,327,227,2.6493,67500
-117,32.75,52,1539,212,535,224,5.392,408500
-117,32.75,52,1504,208,518,196,8.603,459600
-117,32.75,36,2282,534,918,531,2.7222,284700
-117,32.74,39,3132,738,1200,690,2.5288,274000
-117,32.69,52,1837,313,668,300,5.1009,500001
-117,32.69,48,2764,491,978,449,5.1249,432400
-117,32.69,44,2819,514,1258,503,4.4777,452800
-117,32.69,37,3112,716,1304,674,3.2121,320800
-117,34.27,16,7961,1147,879,280,5.2146,255200
-117,34.1,5,2167,384,1174,358,4.0114,97700
-117,34.08,5,4458,751,2392,773,4.5938,126500
-117,34.08,22,2467,555,1567,494,2.6536,84700
-117,34.07,40,2374,500,1772,455,2.189,72500
-117,34.06,37,1467,348,1316,339,1.448,72800
-117,34.06,21,6107,1559,2805,1444,2.5643,102700
-117,34.05,52,1949,432,767,392,2.5143,117600
-117,34.05,33,3007,498,1252,488,3.8816,134600
-117,34.05,33,1688,313,808,298,3.2188,117800
-117,34.03,36,2223,361,942,331,4.6806,152400
-117,34.03,20,856,124,395,145,10.8634,381800
-117,33.9,3,21060,3366,9623,2812,4.189,143000
-117,33.7,24,5783,1256,1990,1151,1.9014,83500
-117,33.69,3,6484,1037,3295,1074,4.5881,136400
-117,33.53,6,108,18,43,17,3.475,187500
-117,33.41,16,3031,554,1301,518,4.0882,296100
-117,33.34,15,3310,488,1104,460,6.1009,314400
-117,33.18,7,3561,722,1921,657,4.1128,209700
-117,32.86,19,3716,563,1788,587,5.2113,267400
-117,32.86,18,4231,728,2030,720,6.1805,272400
-117,32.85,15,2895,498,1164,443,5.102,417500
-117,32.84,35,2263,427,1001,408,3.875,172000
-117,32.84,30,2492,406,1250,431,5.5277,197100
-117,32.83,30,2288,448,1240,469,4.0114,169800
-117,32.82,35,2197,353,945,357,4.9219,192900
-117,32.82,35,1074,180,442,173,5.253,204000
-117,32.82,34,3850,608,1619,602,5.0465,208200
-117,32.81,33,5226,833,2221,839,5.1491,207000
-117,32.8,16,2593,794,1235,684,3.1304,166300
-117,32.79,36,1514,258,665,278,3.8571,235100
-117,32.79,35,1788,378,777,374,3.3713,238400
-117,32.77,14,3575,992,1645,839,2.4397,140600
-117,32.76,52,1294,175,434,180,5.7914,500001
-117,32.75,52,25,5,13,5,0.536,162500
-117,32.75,52,1495,230,459,190,8.1548,500001
-117,32.75,52,1388,213,513,211,6.1309,411600
-117,32.75,33,1115,316,583,269,2.5882,258300
-117,32.69,35,2921,438,1042,415,6.3612,482700
-117,34.52,12,4476,761,2255,735,3.925,118500
-117,34.5,10,4201,850,2378,808,2.1781,92200
-117,34.48,7,4998,953,2764,891,3.205,101900
-117,34.46,7,8414,1584,5146,1517,3.2794,92500
-117,34.26,17,9419,1455,1382,459,6.2233,230900
-117,34.24,22,8106,1665,1062,423,3.0434,137200
-117,34.15,18,1859,251,747,256,7.732,173200
-117,34.14,18,1920,333,890,323,5.159,144800
-117,34.14,14,2647,524,989,479,3.1513,160000
-117,34.13,14,3998,711,1509,665,3.4138,126700
-117,34.12,24,3532,618,1681,590,3.5,113900
-117,34.04,24,1587,222,676,234,6.0715,173400
-117,34.04,23,1762,267,1132,279,5.9915,153200
-117,33.83,14,1265,230,621,173,3.6618,161300
-117,33.72,8,5528,1073,1674,918,2.5335,110100
-117,33.72,16,5373,1079,1573,933,1.9912,98600
-117,33.71,24,4210,920,1283,829,2.0881,83300
-117,33.7,23,6323,1196,1984,1124,2.3276,92400
-117,33.38,14,5392,821,2350,810,5.0507,291500
-117,33.24,12,4992,780,2106,801,6.2079,307300
-117,33.2,16,4409,629,1875,609,5.543,286400
-117,33.15,11,4091,864,1927,765,3.0139,199000
-117,33.14,19,2025,414,1663,403,3.8147,139200
-117,33.07,5,10394,1617,4496,1553,5.9289,411300
-117,32.86,4,4308,1095,1923,932,3.9356,267000
-117,32.84,32,2033,394,989,389,3.2583,181400
-117,32.83,35,1377,350,792,313,2.8472,161400
-117,32.82,35,1217,220,643,237,3.9464,171600
-117,32.8,34,4854,912,2089,854,3.8542,200000
-117,32.79,34,757,212,409,222,3.2312,192200
-117,32.79,16,2079,394,746,383,5.0958,300000
-117,32.78,38,2662,498,1132,496,4.0057,241600
-117,32.77,31,1952,471,936,462,2.8621,196900
-117,34.51,17,4379,629,1720,595,5.086,148400
-117,34.28,16,3326,569,527,192,5.7421,167600
-117,34.14,16,1613,245,811,267,5.2591,140700
-117,34.13,31,3037,565,1834,575,3.3445,92900
-117,34.12,32,1677,354,1021,339,3.6853,90900
-117,34.11,27,1245,229,692,234,3.2176,89400
-117,34.11,26,1757,304,905,281,3.4103,90900
-117,34.08,5,5749,1385,2382,1088,3.0587,143100
-117,34.05,4,2904,764,1250,664,3.2131,137500
-117,34.04,14,3063,426,1570,419,6.2917,224700
-117,33.97,3,18356,2537,8437,2342,5.6409,197700
-117,33.95,5,8403,1240,3962,1150,5.2174,155500
-117,33.93,4,10002,1468,5439,1397,5.0223,152600
-117,33.82,2,4198,805,1943,673,3.9052,122100
-117,33.71,16,8476,1758,2711,1427,2.1848,97900
-117,33.61,7,7722,1324,2975,1161,3.6273,150900
-117,33.34,10,5294,817,2312,810,5.4563,325700
-117,33.2,22,3337,518,1288,466,5.04,253700
-117,33.17,16,1787,361,1446,362,3.75,163800
-117,33.16,13,2937,698,1246,579,2.6487,196000
-117,33.14,12,4839,954,1708,952,2.8586,163300
-117,33.13,19,3068,596,912,554,3.775,168000
-117,33.13,15,1889,368,754,409,2.2278,132800
-117,33.12,4,3261,689,926,561,4.3672,258900
-117,33.03,20,3370,433,1020,408,11.0911,500001
-117,33.02,26,3194,454,1032,406,10.156,500001
-117,32.96,3,6251,988,2330,893,8.4355,467600
-117,32.89,14,3114,773,1592,776,3.3176,156100
-117,32.87,12,1428,303,528,269,4.1429,254400
-117,32.86,26,1352,202,654,217,5.3693,260700
-117,32.86,24,3596,494,1573,492,6.5382,326000
-117,32.86,16,2800,566,1267,518,3.2794,148600
-117,32.85,26,2012,315,872,335,5.4067,277500
-117,32.84,34,2158,366,1046,335,4.5402,182100
-117,32.83,36,1475,328,806,327,3.5078,166000
-117,32.83,35,2259,501,1340,511,3.4482,162500
-117,32.83,28,3241,533,1334,513,4.1806,199600
-117,32.81,33,4773,873,1954,845,4.3862,184800
-117,32.81,27,1318,216,495,191,5.2837,283800
-117,32.81,26,2496,407,1062,380,5.5413,302100
-117,32.8,34,1398,222,532,244,3.7102,289600
-117,32.75,27,2072,534,1118,510,2.8043,262100
-117,32.75,15,1716,702,914,672,1.0612,300000
-117,32.74,52,1245,174,468,193,6.9322,334500
-117,34.54,8,12526,2495,6133,2324,2.9072,119200
-117,34.48,7,2449,447,1217,408,3.6646,109900
-117,34.44,5,4787,910,1944,806,2.6576,98500
-117,34.13,10,5951,1330,3204,1159,2.7011,110200
-117,34.12,34,2457,499,1538,507,2.809,82500
-117,34.12,30,2512,597,1390,523,2.3725,77200
-117,34.11,26,2972,603,1972,532,2.0388,80400
-117,34.07,8,3065,692,1440,666,3.2368,129200
-117,33.93,14,5104,1026,3513,972,3.2148,117000
-117,33.92,5,16884,2865,9509,2688,4.0938,130900
-117,33.9,8,8302,1461,5155,1370,4.0467,121500
-117,33.87,16,56,7,39,14,2.625,500001
-117,33.81,4,9911,1946,5145,1661,3.4237,113700
-117,33.8,3,5284,920,2703,729,4.0717,126500
-117,33.74,7,1810,386,931,355,2.5221,109200
-117,33.66,12,1869,356,1007,323,3.125,117200
-117,33.48,5,1585,247,510,181,6.9136,493300
-117,33.36,16,3165,482,1351,452,4.605,263300
-117,33.22,17,3675,672,1693,597,3.3882,190800
-117,33.22,15,1430,343,704,322,1.9571,162500
-117,33.21,19,4400,828,1901,735,3.6375,198800
-117,33.2,31,1736,277,801,292,4.4844,205500
-117,33.19,16,3004,656,1948,606,2.7019,216900
-117,33.18,13,4273,886,2328,801,3.3444,183900
-117,33.17,6,1487,362,810,322,3.625,135700
-117,33.14,5,4576,848,2314,705,5.0123,210400
-117,32.87,5,3511,1008,1599,918,3.8542,176600
-117,32.87,14,3512,807,1835,792,3.35,171000
-117,32.85,26,1647,261,694,259,4.6875,274400
-117,32.84,19,2691,347,1154,366,8.051,363600
-117,32.83,34,2936,597,1512,571,3.7841,176900
-117,32.83,31,3958,727,1924,728,5.4605,190200
-117,32.83,31,2558,512,1164,492,3.4318,200400
-117,32.83,17,1124,187,553,205,5.7451,237300
-117,32.82,35,756,135,423,136,3.5234,183900
-117,32.82,22,3738,795,1476,728,3.7963,303100
-117,32.81,24,730,196,335,203,3.5078,362500
-117,32.81,21,1703,335,902,369,3.7813,362500
-117,32.8,23,1906,525,1029,491,2.93,183300
-117,32.75,34,6001,1111,2654,1072,4.5878,291000
-117,32.75,26,696,185,384,184,2.6121,125000
-117,32.75,26,617,112,251,110,3.8036,162000
-117,32.75,24,3914,985,2147,874,2.9735,225000
-117,32.74,52,1283,173,436,190,7.4029,345700
-117,32.74,52,1260,202,555,209,7.2758,345200
-117,32.74,41,2621,542,1074,471,2.4016,287500
-117,34.51,9,5756,807,2158,758,5.5875,167800
-117,34.49,9,4055,536,1458,478,5.4201,170600
-117,34.15,17,5036,817,2084,833,4.6445,137200
-117,34.14,16,2577,521,956,472,2.5625,129400
-117,34.13,10,1145,293,726,251,1.645,68700
-117,34.12,6,4464,1093,2364,952,2.3848,81600
-117,34.12,18,1439,319,699,310,2.1071,73500
-117,34.11,33,2170,500,1425,472,2.0133,78300
-117,34.11,22,1162,221,995,244,2.5875,81300
-117,33.96,5,9179,1361,4573,1294,5.253,163300
-117,33.94,8,2405,537,1594,517,3.0789,114200
-117,33.94,7,13195,2696,6763,2437,3.5851,142000
-117,33.89,5,11775,2031,6686,1911,4.1953,136600
-117,33.83,2,1424,251,681,192,4.0833,100000
-117,33.79,17,3318,759,2016,673,2.2969,89300
-117,33.78,23,3465,703,2672,607,1.9767,81500
-117,33.77,5,2108,496,1666,461,2,83000
-117,33.68,10,3659,650,1476,515,3.8869,125900
-117,33.57,6,13724,2269,5860,1986,3.9617,183000
-117,33.38,18,3339,704,1727,652,2.8393,173200
-117,33.24,26,1991,330,1014,304,4.3068,240100
-117,33.23,13,2899,657,1946,579,2.9875,172000
-117,33.22,18,2334,573,962,557,1.808,97000
-117,33.22,16,3224,729,1036,608,2.0246,148800
-117,33.21,34,544,108,348,127,4.125,164600
-117,33.21,21,1934,386,861,381,3.6181,213800
-117,33.2,29,3372,720,1770,693,3.5109,166000
-117,33.19,22,2554,447,1147,422,3.6346,192500
-117,33.16,2,4624,946,2091,808,3.6736,214500
-117,33.09,7,5320,855,2015,768,6.3373,279600
-117,33.01,18,3961,511,1541,470,11.1118,500001
-117,32.99,17,2718,326,1011,319,15.0001,500001
-117,32.86,16,1675,354,604,332,5.2326,188300
-117,32.86,15,1703,320,587,282,5.0855,209800
-117,32.86,15,1199,301,510,296,3.6083,180100
-117,32.85,25,4229,601,1634,574,6.3955,316700
-117,32.81,24,3271,508,1496,482,5.9359,422200
-117,32.81,22,3205,429,1083,410,8.1844,406300
-117,32.8,28,3379,918,1849,849,3.0293,241700
-117,32.8,27,1297,355,776,337,2.4643,244400
-117,32.8,22,2981,873,1751,745,2.3482,190600
-117,32.8,21,2429,579,1011,538,3.225,229400
-117,32.79,28,2453,648,1082,617,3.625,266700
-117,32.75,5,1824,509,892,426,3.4286,137500
-117,32.75,21,2050,608,1131,550,2.4779,165000
-117,32.75,11,4304,1245,1960,1105,3.3456,159800
-117,32.74,44,1404,229,513,217,4.1806,263800
-117,32.74,35,2615,525,1312,547,4.1339,238200
-117,32.73,35,2914,683,1562,638,2.5259,240200
-117,32.72,38,2827,581,972,558,3.2361,500001
-117,34.59,4,5027,797,1869,686,3.5507,186100
-117,34.15,26,2041,293,936,375,6,140200
-117,34.15,23,3847,608,1621,630,4.6111,128400
-117,34.14,6,2383,606,1301,488,3.016,107500
-117,34.13,26,3774,716,1913,620,3.3534,98900
-117,34.13,24,1203,310,594,187,1.1522,87500
-117,34.12,29,2654,667,1822,593,2.1563,72300
-117,34.11,23,1920,454,1161,358,2.2109,73200
-117,34.06,9,3603,786,1782,718,3.2604,93300
-117,34.04,5,1775,234,726,222,7.978,223900
-117,34.04,17,3362,507,1520,496,6.1986,214500
-117,33.95,11,6617,1118,3710,1087,4.7877,132600
-117,33.94,15,1569,423,1123,369,1.6111,113900
-117,33.85,8,1031,201,606,179,2.8194,136300
-117,33.77,9,6907,1379,3665,1290,2.8401,104200
-117,33.4,16,2704,463,1322,424,3.7857,227000
-117,33.38,16,2792,525,1696,516,3.668,171200
-117,33.37,14,4687,793,2436,779,4.5391,180900
-117,33.36,11,2786,480,1250,450,4.5,222600
-117,33.34,17,2866,442,1354,431,4.5764,257300
-117,33.23,21,1718,308,1194,312,3.4359,150900
-117,33.23,13,3756,648,1767,614,4.0776,196000
-117,33.22,20,1962,334,1173,349,4.1316,162500
-117,33.21,9,2486,626,1938,525,2.1293,151400
-117,33.21,19,1872,489,1859,446,2.1875,121700
-117,33.21,18,1846,419,1581,387,3.0982,111300
-117,33.2,25,1631,415,1045,386,2.4505,147500
-117,33.19,19,1569,351,1035,352,2.9191,159400
-117,33.05,15,3029,555,1559,546,5.3129,169200
-117,33.05,11,5827,882,2588,842,6.4027,344200
-117,33.04,13,3498,663,1412,618,3.212,147600
-117,33,16,2512,356,795,353,7.5975,369100
-117,32.98,4,6423,1042,2607,983,7.6348,337000
-117,32.95,18,1591,268,547,243,5.9547,329300
-117,32.94,12,2165,437,792,386,5.2648,294400
-117,32.85,22,3479,448,1252,440,10.0707,500001
-117,32.81,34,2420,391,917,392,6.5881,394400
-117,32.81,33,1588,289,683,301,5.4103,332400
-117,32.8,30,1917,462,828,437,2.4671,276300
-117,32.8,26,3433,873,1492,798,2.9258,234800
-117,32.8,19,1863,497,868,503,2.288,210000
-117,32.8,18,2205,661,874,580,3.8018,112500
-117,32.79,25,2135,691,566,320,2.6902,212500
-117,32.79,20,961,278,525,254,3.1838,245800
-117,32.79,18,2539,616,964,526,3.4306,275000
-117,32.79,18,1741,602,508,283,3.2625,193800
-117,32.79,17,1149,266,403,228,4.1652,241700
-117,32.78,44,2172,431,892,420,4.1742,342200
-117,32.75,41,1989,514,1015,489,2.79,226000
-117,32.75,36,2831,669,1279,660,2.9896,252700
-117,32.75,36,1856,475,822,416,2.3042,220600
-117,32.75,33,1980,614,1057,567,2.2042,231300
-117,32.74,45,1718,293,757,329,4.05,284900
-117,32.74,44,1686,285,712,298,4.0268,298600
-117,32.74,44,1488,259,667,281,4.0862,321800
-117,32.74,43,2216,375,918,388,5.5289,297700
-117,32.73,37,2260,354,809,351,5.9113,388300
-117,32.72,39,3819,594,1361,583,6.6013,396400
-117,32.72,39,3089,431,1175,432,7.5925,466700
-117,32.71,32,4164,701,1277,607,6.6661,500001
-117,34.53,13,5841,955,2455,915,4.1333,158200
-117,34.51,7,3200,477,1522,470,4.6914,142200
-117,34.16,37,1709,278,744,274,3.7188,116600
-117,34.16,35,2707,481,1595,479,3.9018,91500
-117,34.16,31,1516,238,596,255,4.3362,159400
-117,34.15,30,1770,380,990,348,3.3,97600
-117,34.14,19,5163,1229,2680,1141,2.2482,114500
-117,34.13,37,2498,472,1291,487,3,83400
-117,34.13,33,2898,503,1374,487,3.6856,90000
-117,34.12,17,3107,752,2160,643,1.8463,72600
-117,34.11,32,2910,641,2011,614,2.7473,70800
-117,34.11,30,2173,560,1509,486,1.4079,67700
-117,34.08,30,2981,605,1784,573,2.45,85800
-117,34.07,21,3067,706,2140,687,2.4432,78800
-117,34.06,23,4503,1156,3264,937,1.9821,93000
-117,34.06,18,5009,1108,2948,963,3.0042,106500
-117,34.04,18,5761,1063,2763,1058,4.4472,161100
-117,33.95,5,13096,2208,6780,2180,4.2775,138700
-117,33.92,7,9812,1914,5595,1729,4.1482,124600
-117,33.65,10,1652,316,725,233,3.5125,155600
-117,33.39,22,2699,543,1425,491,2.375,137300
-117,33.38,17,1614,431,1031,389,2.0956,134400
-117,33.38,16,3536,765,2007,687,3,146700
-117,33.37,8,1755,530,1687,511,1.995,146900
-117,33.36,6,3725,960,2833,915,2.3214,247000
-117,33.3,14,2513,351,1151,357,6.3054,359000
-117,33.25,6,6160,993,2997,1029,4.6187,205000
-117,33.22,26,2010,347,1160,331,3.9815,142600
-117,33.21,9,1944,488,1992,453,2.066,127200
-117,33.21,13,1203,292,1035,293,2.6339,117000
-117,33.2,22,2361,618,1472,596,2.0625,124500
-117,33.2,10,2050,473,1302,471,2.7961,131300
-117,33.19,18,1891,306,830,279,4.5764,207000
-117,33.12,8,8552,1437,3335,1323,5.311,255800
-117,33.1,14,3676,720,1176,614,3.9464,171900
-117,33.08,13,3651,465,1311,435,7.5402,340300
-117,33.06,6,9859,1448,4194,1401,6.439,296200
-117,33.05,16,2794,476,1387,442,4.3286,213400
-117,33.03,6,3416,493,1319,467,6.9326,324600
-117,33.01,16,3892,520,1454,524,7.7317,396000
-117,33,14,2518,458,931,414,5.8393,485300
-117,32.99,10,4926,749,1478,634,7.472,439900
-117,32.96,18,4773,743,1970,716,6.6199,406200
-117,32.94,16,4755,807,1829,756,6.7694,425900
-117,32.94,15,1804,339,673,296,5.9806,370500
-117,32.86,30,1670,219,606,202,12.4429,500001
-117,32.86,27,2530,469,594,326,7.2821,500001
-117,32.86,25,2911,533,1137,499,5.1023,500001
-117,32.84,19,1759,214,659,195,10.7751,500001
-117,32.82,23,6139,826,2036,807,9.5245,500001
-117,32.81,39,1846,350,765,329,3.9187,311900
-117,32.81,32,2402,551,1020,532,3.3942,307400
-117,32.8,32,1601,468,731,429,2.5568,258300
-117,32.8,31,2182,630,1069,599,2.9781,212500
-117,32.8,26,2442,659,1134,624,3.3274,295500
-117,32.79,37,1467,442,651,354,2.375,340400
-117,32.79,27,848,300,455,298,3.0774,275000
-117,32.79,25,1627,375,735,378,3.6429,317100
-117,32.78,36,1527,427,710,312,2.7857,291700
-117,32.78,21,1479,484,658,384,2.45,350000
-117,32.77,35,2494,690,1126,624,4.0313,385300
-117,32.77,32,2021,524,973,485,3.18,362500
-117,32.75,37,1189,377,645,377,2.4672,216700
-117,32.75,36,1929,526,974,491,1.7622,205800
-117,32.75,32,3551,1037,1731,935,2.2017,208300
-117,32.74,40,2186,549,953,515,2.8007,257100
-117,32.74,36,1830,430,755,419,2.9904,286800
-117,32.74,36,1240,310,577,319,2.6625,248200
-117,32.73,39,1688,256,635,272,4.5938,367400
-117,32.73,38,1840,291,633,283,4.9125,383600
-117,32.73,37,2224,331,821,341,6.3331,400000
-117,32.72,36,2632,450,2038,419,6.5319,345800
-117,32.72,33,1677,228,629,239,6.597,496400
-117,34.53,10,3103,520,1283,464,3.071,151600
-117,34.48,6,4632,753,1851,694,4.1933,163100
-117,34.43,11,4597,782,2534,776,3.3368,99300
-117,34.24,10,4750,844,1220,428,4.5536,132400
-117,34.17,30,1937,351,945,344,3.8906,123700
-117,34.15,33,2271,389,1100,380,3.5978,88300
-117,34.13,39,3521,747,2256,721,2.1375,87500
-117,34.13,37,2403,550,1234,493,2,72100
-117,34.11,33,1210,288,850,238,1.2171,59300
-117,33.81,22,4249,922,2405,846,2.1549,146500
-117,33.37,7,2221,548,1440,501,2.2368,154600
-117,33.21,26,1906,408,1325,427,3.0197,136000
-117,33.2,13,3163,725,1675,629,2.8214,121900
-117,33.19,2,2629,509,1044,522,4.2361,158500
-117,33.18,9,4540,793,2235,746,4.5781,225600
-117,33.09,22,2398,407,349,169,7.0423,500001
-117,33.09,13,3730,761,1335,603,4.1667,227100
-117,33.08,12,5080,814,1958,716,5.3905,299600
-117,33.06,11,2660,352,1226,366,7.6832,319800
-117,33.05,14,2323,373,1057,372,6.2513,240900
-117,33.04,18,2229,346,1088,352,6.3525,278300
-117,33.04,16,3109,450,1433,453,6.6319,269600
-117,33.02,9,4632,759,1724,685,6.3712,369800
-117,33,31,2695,491,1059,451,4.7841,393500
-117,32.98,12,3900,977,1690,892,4.125,226900
-117,32.97,25,2582,495,1088,471,6.4651,500001
-117,32.96,36,1721,264,710,282,10.1768,500001
-117,32.95,34,1651,273,650,271,5.6582,500001
-117,32.95,22,5484,1227,1947,1012,4.4375,500001
-117,32.95,15,1882,233,704,219,6.9794,500001
-117,32.95,15,1036,149,395,157,5.8343,500001
-117,32.85,42,1761,329,480,255,5.3787,500001
-117,32.83,24,1663,199,578,187,10.7721,500001
-117,32.81,37,1616,421,650,395,2.92,326500
-117,32.81,30,1328,346,577,328,2.3284,290600
-117,32.81,25,2076,586,1060,554,2.8421,227800
-117,32.8,30,1446,385,650,344,3.744,450000
-117,34.48,8,1794,276,690,271,3.662,165300
-117,34.42,9,5643,1005,3166,957,3.2077,93300
-117,34.4,8,6042,979,3031,991,3.3438,124400
-117,34.39,6,6988,1121,3660,1092,4.2224,125700
-117,34.24,34,3687,756,941,367,2.875,117600
-117,34.23,26,6339,1244,1177,466,3.7708,110400
-117,34.17,16,30,3,49,8,4.625,250000
-117,34.15,35,1490,253,705,253,3.3616,95300
-117,34.14,36,3795,676,1742,585,4.1,96400
-117,34.14,35,1517,257,658,245,4.4435,97600
-117,34.13,40,1298,254,793,268,3.0721,83800
-117,34.13,36,3337,687,2388,589,2.9628,87800
-117,34.12,52,954,246,943,256,0.8658,87500
-117,34.12,31,2209,636,1314,562,1.7235,78800
-117,34.12,27,2896,684,1514,668,1.462,70200
-117,34.11,44,567,134,565,150,1.8281,62900
-117,34.08,38,1093,256,856,212,1.4279,73000
-117,34.07,21,418,132,401,120,1.7206,82100
-117,34.06,20,5258,1514,3780,1404,2.025,85700
-117,34.05,34,1703,395,849,359,3.1607,138200
-117,33.93,2,337,55,115,49,3.1042,164800
-117,33.92,13,8443,1744,4885,1470,3.0907,127200
-117,33.68,8,26322,4072,9360,3361,5.3238,228900
-117,33.55,4,6112,890,2088,712,5.5351,429000
-117,33.23,5,20908,3933,9690,3510,4.1405,198500
-117,33.22,5,2283,337,999,325,5.0249,196700
-117,33.22,16,1420,311,470,313,1.8849,90800
-117,33.21,5,5764,996,3161,1012,4.4531,177500
-117,33.2,34,1852,322,978,332,4.3542,156900
-117,33.2,23,2145,379,1360,404,4.2054,150700
-117,33.19,8,973,289,663,209,2.724,139300
-117,33.18,4,3371,773,1481,627,2.9133,215700
-117,33.08,7,2949,447,1335,426,6.0922,342400
-117,33.06,7,3686,733,1612,672,3.197,367100
-117,33.05,15,3333,808,1371,737,2.9083,122400
-117,33.04,27,1839,392,1302,404,3.55,214600
-117,33.03,25,1787,311,1108,311,3.9826,215800
-117,33.03,19,2899,499,1356,512,4.87,220900
-117,33.03,16,2240,443,1104,416,3.5313,148700
-117,33.02,21,2144,340,928,344,5.798,286100
-117,33,36,2426,454,1085,420,5.1523,387800
-117,32.99,21,3318,578,1273,538,5.5922,382100
-117,32.98,17,1853,392,351,208,5.2742,230700
-117,32.85,34,2105,444,780,406,2.3187,488900
-117,32.84,26,3940,657,1180,600,6.1025,500001
-117,32.83,39,1877,426,805,409,3.875,410000
-117,32.83,35,1420,193,469,177,8.0639,500001
-117,32.82,42,2820,488,1175,500,4.5083,405200
-117,32.82,35,2908,595,1068,529,4.1793,500001
-117,35.13,32,671,166,856,114,2.6477,53300
-117,34.68,28,1932,421,1156,404,1.8958,55600
-117,34.51,10,4676,884,2845,812,3.0181,100400
-117,34.24,16,3474,633,853,315,5.2185,128600
-117,34.17,26,3728,888,1765,727,1.7456,86800
-117,34.17,26,3106,603,1396,576,3.1736,122200
-117,34.16,35,2028,456,972,398,2.3778,90700
-117,34.16,26,2469,532,1068,501,1.9832,122100
-117,34.15,38,1981,343,796,344,3.8125,97400
-117,34.15,36,1734,280,604,259,3.8292,122200
-117,34.14,40,2364,438,968,416,3.4906,93300
-117,34.14,40,2190,496,1214,493,2.3947,81900
-117,34.13,29,2077,577,1418,524,1.8281,76800
-117,34.12,47,2456,611,1653,512,1.3973,66100
-117,34.12,36,2991,822,2378,751,1.3571,70600
-117,34.11,39,1573,418,1258,359,1.4896,69500
-117,34.09,44,376,87,273,107,2.2917,90800
-117,34.06,2,1658,290,868,304,5.1365,136700
-117,33.94,10,972,212,773,219,1.3125,135700
-117,33.92,35,3623,841,2721,766,2.1574,86900
-117,33.89,33,6982,1371,5650,1195,2.5379,152700
-117,33.85,16,3498,702,2372,672,2.3229,118000
-117,33.72,11,1161,235,640,210,2.1667,114600
-117,33.66,15,4573,928,2513,832,2.6949,163600
-117,33.22,13,2832,542,1065,531,2.3844,98600
-117,33.2,11,1472,261,1012,285,4.21,175600
-117,33.19,5,2697,639,1633,580,3.4456,165800
-117,33.18,16,3002,591,842,538,2.1205,157300
-117,33.18,14,676,118,384,126,6.2096,178100
-117,33.1,13,2644,422,1197,399,6.5338,267900
-117,33.04,12,4459,928,2471,888,3.5179,252700
-117,32.84,41,1420,338,640,314,2.9306,360300
-117,32.84,21,2455,660,1015,597,3.7596,381300
-117,32.83,34,2392,653,933,619,3.7306,500000
-117,32.8,20,1838,540,615,325,3.5486,193800
-117,32.77,38,1267,340,442,250,4.3403,500000
-117,32.75,34,981,313,508,304,2.2328,266700
-117,32.74,33,4168,1112,1785,984,2.7515,247700
-117,32.73,44,1934,325,783,316,4.8684,358600
-117,35.54,35,7922,1636,3431,1329,3.4145,40400
-117,34.57,22,1054,239,428,239,1.2548,68300
-117,34.41,11,5934,1380,2756,1239,1.5758,108300
-117,34.17,35,4174,847,2127,778,3.2232,88300
-117,34.15,49,1820,321,757,324,3.2976,102600
-117,34.15,42,1811,345,856,352,2.9667,97000
-117,34.14,52,1683,266,646,256,4.0481,97300
-117,34.14,48,1717,307,610,267,3.125,97600
-117,34.14,45,1598,314,771,319,2.5417,82900
-117,34.14,39,1989,401,805,341,2.425,90000
-117,34.13,52,2424,528,1171,455,1.4815,77900
-117,34.13,44,2337,563,1238,467,1.5156,75800
-117,34.12,47,1648,432,1308,385,1.2069,68200
-117,34.12,45,1369,351,1046,274,1.8438,72100
-117,34.12,40,2198,612,1517,531,1.0951,65800
-117,34.11,35,2426,715,1920,586,1.5561,68000
-117,34.11,35,2014,677,1714,612,0.7075,78800
-117,34.03,9,8185,1525,3630,1466,4.1667,197700
-117,33.97,4,18767,3032,8805,2723,4.6667,160600
-117,33.83,15,4173,804,2393,713,2.4662,118300
-117,33.72,19,2248,427,1207,368,2.817,110000
-117,33.63,7,16010,2726,7139,2426,3.8056,162200
-117,33.24,5,3109,634,1823,578,3.1875,153800
-117,33.2,16,2150,461,1428,407,2.4754,157300
-117,33.18,17,821,176,436,168,3.1667,160600
-117,33.18,15,3780,792,1632,721,2.7644,111400
-117,33.15,11,2560,445,952,448,4.0625,87500
-117,33.13,4,617,105,224,105,3.9205,183000
-117,33.12,4,1380,322,755,286,4.7961,168800
-117,33.1,6,6091,1018,2064,957,5.1837,259800
-117,33.08,18,3225,515,1463,476,5.7787,346700
-117,33.06,20,2110,335,1008,325,6.1509,338700
-117,33.05,28,1146,338,672,292,3.1667,300000
-117,33.04,30,2750,555,1281,520,4.7333,286900
-117,32.92,25,2355,381,823,358,6.8322,500001
-117,32.81,35,1878,308,598,257,6.9553,500001
-117,34.54,31,1174,360,1161,328,1.06,56500
-117,34.54,25,2546,488,1338,487,3.2596,85400
-117,34.52,34,4493,838,2335,779,3.1635,74300
-117,34.46,8,6246,1273,3883,1264,2.7917,98200
-117,34.39,11,3572,592,1876,507,3.6615,105100
-117,34.24,38,4116,949,1196,422,3.5625,96500
-117,34.18,28,2685,425,1304,420,4.3676,111100
-117,34.18,19,2526,381,1176,381,5.5136,137100
-117,34.17,30,2483,573,1172,438,1.875,89700
-117,34.15,38,740,163,332,138,2.4107,88000
-117,34.15,33,1607,282,608,260,4.3438,115000
-117,34.14,39,1781,335,841,320,1.9432,89000
-117,34.13,42,2115,557,1532,494,1.4531,71500
-117,34.12,50,1629,437,1581,394,2.2019,63500
-117,34.11,42,525,111,444,120,2.6771,67000
-117,34.07,34,567,143,387,138,1.7981,73300
-117,34.05,7,4672,1121,2534,1046,3.4228,115700
-117,33.26,23,1678,275,1227,264,4.1713,133800
-117,33.25,22,2329,419,1456,381,3.7933,131000
-117,33.23,13,3619,791,1759,806,2.765,98500
-117,33.22,4,14960,2988,6666,2612,3.7568,184100
-117,33.17,6,7880,1533,3760,1460,4.1807,182600
-117,33.08,24,2628,527,1389,520,4,343200
-117,33.07,16,3147,765,2165,690,3.5585,284800
-117,33.07,14,2670,426,1034,407,6.4247,295100
-117,33.05,34,1797,458,775,391,3.2308,331300
-117,32.96,30,1226,205,380,151,4.2875,500001
-117,34.53,26,2299,496,1259,441,2.6125,79900
-117,34.51,18,2704,698,1611,597,2.0243,82300
-117,34.5,14,2443,447,883,465,2.1111,116700
-117,34.44,10,1731,299,1056,312,3.6007,104000
-117,34.43,16,5130,1172,3126,1046,1.6784,71900
-117,34.39,15,1703,273,847,266,3.7917,123400
-117,34.35,9,2404,390,1074,359,5.0198,151900
-117,34.25,29,4610,1043,1569,592,2.7663,97900
-117,34.17,25,2795,596,1650,569,3.0078,87100
-117,34.15,7,5747,1307,2578,1147,3.3281,122200
-117,34.15,34,2037,385,1195,391,3.9231,96000
-117,34.14,44,1487,273,972,281,3.2292,86100
-117,34.14,38,2011,448,1190,403,1.8654,89400
-117,34.13,38,1287,284,1047,269,2.2865,65500
-117,34.13,36,1076,283,773,224,2.6307,66400
-117,34.13,35,1622,393,1296,362,1.9286,68500
-117,34.12,37,1412,343,1127,351,1.1667,70900
-117,34.11,52,851,190,731,190,1.9044,64900
-117,34.11,41,1105,257,816,197,1.9375,64100
-117,34.1,52,1457,415,1238,341,2.0089,68100
-117,34.09,34,1336,345,1009,311,1.608,73700
-117,34.08,43,1697,387,1181,352,1.9234,74600
-117,34.08,40,2011,495,1528,469,1.9375,69900
-117,34.08,37,953,231,611,230,1.9926,81500
-117,34.07,40,2936,732,2024,676,2.1139,70900
-117,34.05,6,7423,2111,4092,1789,2.7002,88300
-117,34.04,5,2785,577,1310,536,3.39,149500
-117,34.04,29,2481,383,1188,385,4.7344,134600
-117,34.03,9,1199,187,629,207,5.7393,151600
-117,34.03,24,1966,299,786,302,5.0318,134500
-117,34.02,18,1634,274,899,285,5.2139,129300
-117,33.97,28,3420,691,1502,656,3.4896,140300
-117,33.75,19,3173,678,2204,606,2.1484,129200
-117,33.67,9,981,169,596,156,3.1832,157400
-117,33.25,14,3483,764,2140,687,3.125,102300
-117,33.25,13,3075,630,1843,674,2.8558,97100
-117,33.19,11,20944,3753,8738,3441,4.3762,215500
-117,33.18,16,1835,430,599,399,2.0147,87700
-117,33.16,17,1704,263,781,281,5.6605,224400
-117,33.11,7,7974,1703,2904,1550,4.1282,188100
-117,33.1,15,2392,446,747,421,3.5341,500001
-117,33.07,21,2035,534,948,467,3.2984,369400
-117,33,30,1631,310,665,297,6.8443,492500
-117,32.83,38,2367,480,891,428,4.1477,500001
-117,32.82,42,2785,389,833,333,11.3074,500001
-117,34.55,18,279,59,188,60,0.8246,91700
-117,34.54,9,5904,1165,3489,1063,3.125,92800
-117,34.51,16,3072,612,1283,604,2.8929,115600
-117,34.49,7,4584,1051,2049,918,1.6232,93400
-117,34.48,8,4627,887,2739,846,3.0204,93100
-117,34.41,13,2032,348,1038,344,4.2891,120100
-117,34.24,29,1290,263,323,113,1.9265,103300
-117,34.19,6,1068,182,999,188,4.7222,109000
-117,34.17,6,5661,1287,2943,1162,3.6362,106500
-117,34.16,9,711,139,316,152,4.0156,131000
-117,34.14,32,1691,353,1457,329,1.8438,66600
-117,34.13,41,1837,409,1430,344,2.4524,70400
-117,34.12,39,2210,498,1752,477,1.4066,66400
-117,34.12,37,2868,574,2055,563,2.3508,70500
-117,34.11,41,1229,302,994,270,1.4891,67300
-117,34.1,42,801,176,711,183,1.8681,59700
-117,34.1,27,2053,461,1737,463,3.1213,78800
-117,34.09,38,1585,345,1347,368,2.375,75300
-117,34.09,30,1129,251,1034,237,2.3917,78600
-117,34.08,46,1308,276,576,244,3.1875,84000
-117,34.08,41,1359,264,786,244,2.5208,85500
-117,34.07,26,971,245,592,207,2.1125,84000
-117,34.06,52,802,160,564,131,2.1591,63500
-117,34.06,46,476,102,476,91,1.4511,73100
-117,34.02,17,1779,292,1006,293,4.6708,123100
-117,34.01,23,3021,527,1580,533,4.4063,129900
-117,33.99,27,5464,850,2400,836,4.711,133500
-117,33.96,19,3216,666,1363,629,3.7585,144500
-117,33.87,15,826,138,440,134,4.8125,173900
-117,33.51,4,966,133,311,92,5.2066,500001
-117,33.25,7,8206,1523,4399,1423,3.6301,170900
-117,33.25,7,2499,420,1314,398,4.85,186900
-117,33.23,24,2580,604,982,569,1.6402,169300
-117,33.22,16,1057,232,316,221,2.7417,91700
-117,33.22,15,4784,1039,1810,986,2.4375,108900
-117,33.15,15,13245,2212,5495,2060,5.4904,262100
-117,33.12,25,2670,527,936,461,2.7717,354000
-117,33.01,29,3584,712,1619,667,4.125,394400
-117,34.53,10,3781,712,2044,685,3.0943,97100
-117,34.41,13,3684,604,1767,585,3.7478,113500
-117,34.17,5,4718,1140,2564,1056,2.9877,119900
-117,34.17,13,3616,665,2189,620,3.7949,106300
-117,34.15,28,1473,333,1196,312,1.6993,67800
-117,34.14,29,1646,391,1296,351,1.9423,69700
-117,34.13,30,2335,363,1214,311,2.2449,93200
-117,34.13,18,3009,740,2317,659,1.6375,72400
-117,34.09,29,1960,415,1681,435,2.9292,84500
-117,34.08,35,2240,423,1394,396,3.1799,86700
-117,34.06,48,732,149,486,139,2.5673,68200
-117,34.06,42,530,123,390,124,1.0469,67000
-117,34.06,36,755,157,625,152,2.0242,65000
-117,34.05,26,613,149,431,130,1.3977,73100
-117,34.04,18,1837,388,727,336,2.5187,116700
-117,34.03,18,2342,402,1264,382,4.7986,123700
-117,34.03,14,1582,347,825,259,2.8281,106300
-117,33.97,8,152,19,1275,20,1.625,162500
-117,33.9,2,12837,1842,4636,1453,5.1512,187800
-117,33.67,27,4376,1003,2667,870,1.9194,100600
-117,33.24,13,4543,881,2298,870,2.9386,143400
-117,33.23,15,2919,592,1130,579,2.5872,155600
-117,33.23,15,1905,416,1258,388,3.33,127900
-117,33.22,21,2868,602,855,559,2.7846,91200
-117,33.21,17,1246,300,424,288,2.2882,85800
-117,33.17,11,10923,2041,4773,1858,4.0791,281300
-117,33.03,31,1171,321,603,267,2.8611,314300
-117,34.39,8,3579,672,2216,630,3.4038,100500
-117,34.16,31,1606,354,1049,335,2.1935,72700
-117,34.14,37,1834,393,1198,348,2.225,81600
-117,34.13,29,331,85,341,107,0.7069,70300
-117,34.13,29,1494,286,991,280,2.125,70600
-117,34.11,29,2912,566,2188,518,3.2656,90600
-117,34.1,14,11827,2445,6640,2299,2.4878,103800
-117,34.08,35,1380,248,730,264,3.2305,93700
-117,34.07,46,1851,425,1100,377,2.0461,90500
-117,34.02,28,2683,708,2047,636,2.275,85400
-117,34,27,321,64,214,67,3.175,101600
-117,33.98,10,17286,4952,9851,4616,1.7579,103400
-117,33.96,15,6437,1298,2805,1205,4.1883,184500
-117,33.94,20,4589,594,1660,595,7.4141,236500
-117,33.94,13,7910,1195,3382,1176,5.5563,214500
-117,33.89,17,2678,394,1225,367,5.363,211300
-117,33.71,10,2591,486,1255,425,3.1513,154300
-117,33.46,14,1902,338,848,304,5.5395,273300
-117,33.23,11,3737,757,2212,727,3.1062,141000
-117,33.21,23,2062,376,1302,379,4.0109,145700
-117,33.21,12,5963,1372,3015,1124,2.7386,216100
-117,33.19,23,3546,553,1533,518,5.276,224500
-117,33.19,19,3575,525,1654,559,5.7409,274100
-117,33.16,31,2851,458,1286,467,4.5694,243700
-117,33.16,24,1006,277,610,246,2.25,187500
-117,33.15,19,5710,1423,4163,1406,3.0306,178500
-117,33.15,17,4505,1140,2111,1062,3.3536,283300
-117,33.06,17,2718,518,815,403,4.3182,357100
-117,34.5,10,2163,392,1174,362,3.375,98000
-117,34.44,9,11810,2181,6716,2081,3.1821,95600
-117,34.2,5,9269,1605,4916,1519,4.4367,133200
-117,34.17,28,1905,372,1480,341,2.9844,79200
-117,34.16,36,1717,348,1054,279,2.4444,73400
-117,34.15,32,2699,552,2086,551,2.2974,84500
-117,34.12,22,5640,889,3157,887,4.1581,126500
-117,34.09,14,5983,1224,3255,1150,2.5902,111500
-117,34.04,14,2991,522,1729,537,3.5139,146800
-117,34.01,23,3707,769,1938,658,2.725,95300
-117,34,38,1214,254,723,236,2.5469,87800
-117,33.99,45,131,28,89,31,2.6071,112500
-117,33.98,31,4163,1242,3928,1076,1.6943,85900
-117,33.97,27,3960,886,2807,838,3.024,122500
-117,33.96,25,2396,316,951,314,8.2405,235200
-117,33.95,28,1650,210,557,211,7.6632,204800
-117,33.69,11,1229,236,581,190,3.102,111300
-117,33.68,10,516,107,282,96,4.2788,125000
-117,33.64,23,6859,1535,3405,1351,2.5395,109200
-117,33.23,4,1837,287,934,277,3.8958,189800
-117,33.21,24,1586,262,912,298,4.25,150300
-117,33.21,18,2971,606,2051,493,2.675,117100
-117,33.2,32,1251,220,700,232,3.9875,142900
-117,33.2,23,3297,728,1793,622,2.5754,169700
-117,33.19,28,2823,476,1189,433,5.1733,198100
-117,33.17,36,1977,423,812,387,3.625,198000
-117,33.17,16,4595,1341,2849,1197,2.478,185600
-117,33.16,10,1684,515,902,449,3.7891,206300
-117,34.54,7,3940,764,2140,711,3.0357,91300
-117,34.48,3,16533,2549,7588,2285,3.9792,122100
-117,34.28,18,3903,715,1388,428,4.2386,157200
-117,34.11,35,2969,521,1555,503,3.25,107100
-117,34.1,33,1904,343,1366,338,3.6227,92800
-117,34.1,31,2587,531,1227,489,2.3578,88600
-117,34.08,4,8866,1832,4775,1554,3.7348,125800
-117,34,19,4592,895,2769,838,3.3622,105100
-117,33.99,42,1178,261,804,283,2.9688,92900
-117,33.98,46,1680,453,1570,435,2.0436,82300
-117,33.98,33,2070,469,1851,467,2.4667,80700
-117,33.97,32,1625,335,1212,327,2.7596,82200
-117,33.88,15,2857,421,1361,382,4.6875,189800
-117,33.88,10,5600,848,2573,788,5.0346,240500
-117,33.6,10,4097,813,2082,731,3.2258,159300
-117,33.2,19,2129,562,1323,525,2.9539,169900
-117,33.2,19,1926,557,1190,483,1.3269,166100
-117,33.18,39,1546,291,833,308,2.8893,185400
-117,33.18,26,5550,1153,2372,1058,2.5509,181800
-117,33.17,24,2046,442,812,367,2.3182,500001
-117,34.59,39,8193,1747,6852,1597,2.3832,35000
-117,34.13,18,5877,1043,3114,1002,4.0294,133200
-117,34.13,17,2681,470,1621,459,3.875,118500
-117,34.13,12,1893,493,1054,389,2.3456,140800
-117,34.12,32,3190,568,1614,512,3.8398,118200
-117,34.1,44,2087,447,1270,423,2.3889,86100
